region,week_start_date,year,pct_change_baseline,pct_change_wow,week_biggest_change_mobility,weekly_avg_new_cases,population,weekly_new_cases_per_100k,sah_start_date,sah_end_date,governor_party,sah_day_of_week,mobility_lockdown_lag_wk,lockdown_bool,month
Montana,8/1/20,2020,7.666666667,1.952380952,3/14/20,113.1,1084225,10.43141414,3/28/20,4/26/20,republican,7,2,FALSE,Aug-20
Montana,8/8/20,2020,7.571428571,-0.095238095,3/14/20,112,1084225,10.32995919,3/28/20,4/26/20,republican,7,2,FALSE,Aug-20
Montana,8/15/20,2020,6.19047619,-1.380952381,3/14/20,96.4,1084225,8.891143443,3/28/20,4/26/20,republican,7,2,FALSE,Aug-20
Maine,8/6/20,2020,4.571428571,0.523809524,3/19/20,10.9,1362359,0.800082798,4/2/20,5/31/20,democrat,5,2,FALSE,Aug-20
Montana,4/24/21,2021,4.571428571,2.333333333,3/14/20,134.9,1084225,12.44206691,3/28/20,4/26/20,republican,7,2,FALSE,Apr-21
Montana,8/29/20,2020,4.4,1.8,3/14/20,136.6,1084225,12.59886094,3/28/20,4/26/20,republican,7,2,FALSE,Aug-20
Idaho,4/28/21,2021,4.285714286,2.904761905,3/18/20,174.1,1839106,9.466556033,3/25/20,4/30/20,republican,4,1,FALSE,Apr-21
Mississippi,4/9/21,2021,3.238095238,0.476190476,3/20/20,238.6,2961279,8.057329282,4/3/20,4/27/20,republican,6,2,FALSE,Apr-21
Maine,8/13/20,2020,2.777777778,-1.793650794,3/19/20,23.6,1362359,1.73228936,4/2/20,5/31/20,democrat,5,2,FALSE,Aug-20
Mississippi,4/2/21,2021,2.761904762,-1.238095238,3/20/20,204.9,2961279,6.919307502,4/3/20,4/27/20,republican,6,2,FALSE,Apr-21
Montana,8/22/20,2020,2.6,-3.59047619,3/14/20,121,1084225,11.16004519,3/28/20,4/26/20,republican,7,2,FALSE,Aug-20
Mississippi,4/30/21,2021,2.523809524,0.619047619,3/20/20,181.7,2961279,6.135862241,4/3/20,4/27/20,republican,6,2,FALSE,Apr-21
Mississippi,4/16/21,2021,2.238095238,-1,3/20/20,230.9,2961279,7.797306502,4/3/20,4/27/20,republican,6,2,FALSE,Apr-21
Montana,4/17/21,2021,2.238095238,0.952380952,3/14/20,133.1,1084225,12.27604971,3/28/20,4/26/20,republican,7,2,FALSE,Apr-21
Idaho,4/7/21,2021,1.952380952,3.095238095,3/18/20,246.9,1839106,13.42500106,3/25/20,4/30/20,republican,4,1,FALSE,Apr-21
Mississippi,4/23/21,2021,1.904761905,-0.333333333,3/20/20,216.7,2961279,7.317783971,4/3/20,4/27/20,republican,6,2,FALSE,Apr-21
Idaho,4/14/21,2021,1.80952381,-0.142857143,3/18/20,222.1,1839106,12.07651979,3/25/20,4/30/20,republican,4,1,FALSE,Apr-21
Idaho,4/21/21,2021,1.380952381,-0.428571429,3/18/20,221.3,1839106,12.03302039,3/25/20,4/30/20,republican,4,1,FALSE,Apr-21
Montana,4/10/21,2021,1.285714286,1.047619048,3/14/20,138.1,1084225,12.73720861,3/28/20,4/26/20,republican,7,2,FALSE,Apr-21
South Carolina,4/6/21,2021,1.285714286,2.333333333,3/17/20,994,5118425,19.42003644,4/7/20,5/4/20,republican,3,3,FALSE,Apr-21
Kansas,4/26/21,2021,0.666666667,3.476190476,3/16/20,245.3,2937880,8.349558185,3/30/20,5/3/20,democrat,2,2,FALSE,Apr-21
Oklahoma,4/7/21,2021,0.571428571,2,3/18/20,534.3,3959353,13.49462905,4/1/20,5/6/20,republican,4,2,FALSE,Apr-21
South Carolina,4/27/21,2021,0.428571429,2.380952381,3/17/20,754.1,5118425,14.73304776,4/7/20,5/4/20,republican,3,3,FALSE,Apr-21
Montana,4/3/21,2021,0.238095238,-2.476190476,3/14/20,160.1,1084225,14.76630773,3/28/20,4/26/20,republican,7,2,FALSE,Apr-21
Idaho,8/5/20,2020,-0.333333333,0.857142857,3/18/20,480.3,1839106,26.11594981,3/25/20,4/30/20,republican,4,1,FALSE,Aug-20
Oklahoma,4/28/21,2021,-0.380952381,0.904761905,3/18/20,235.4,3959353,5.945415829,4/1/20,5/6/20,republican,4,2,FALSE,Apr-21
South Carolina,4/13/21,2021,-0.523809524,-1.80952381,3/17/20,943.6,5118425,18.43535853,4/7/20,5/4/20,republican,3,3,FALSE,Apr-21
West Virginia,4/6/21,2021,-0.80952381,3.571428571,3/17/20,389.9,1793716,21.73699738,3/24/20,5/4/20,republican,3,1,FALSE,Apr-21
Oklahoma,4/21/21,2021,-1.285714286,0.571428571,3/18/20,238.3,3959353,6.018660119,4/1/20,5/6/20,republican,4,2,FALSE,Apr-21
Idaho,8/12/20,2020,-1.333333333,-1,3/18/20,389,1839106,21.15158126,3/25/20,4/30/20,republican,4,1,FALSE,Aug-20
West Virginia,4/27/21,2021,-1.761904762,3.047619048,3/17/20,362.3,1793716,20.19829226,3/24/20,5/4/20,republican,3,1,FALSE,Apr-21
Oklahoma,4/14/21,2021,-1.857142857,-2.428571429,3/18/20,263.3,3959353,6.650076414,4/1/20,5/6/20,republican,4,2,FALSE,Apr-21
South Carolina,4/20/21,2021,-1.952380952,-1.428571429,3/17/20,783.3,5118425,15.30353576,4/7/20,5/4/20,republican,3,3,FALSE,Apr-21
Alaska,8/1/20,2020,-2.095238095,-1.047619048,3/21/20,88.4,733391,12.0535976,3/28/20,4/24/20,republican,7,1,FALSE,Aug-20
Kansas,4/5/21,2021,-2.142857143,1.904761905,3/16/20,192,2937880,6.535324792,3/30/20,5/3/20,democrat,2,2,FALSE,Apr-21
Missouri,4/26/21,2021,-2.19047619,2.904761905,3/16/20,708.1,6154913,11.50463053,4/6/20,5/3/20,republican,2,3,FALSE,Apr-21
Idaho,8/19/20,2020,-2.476190476,-1.142857143,3/18/20,306.3,1839106,16.65483121,3/25/20,4/30/20,republican,4,1,FALSE,Aug-20
Alaska,4/24/21,2021,-2.666666667,2.19047619,3/21/20,155.6,733391,21.21651343,3/28/20,4/24/20,republican,7,1,FALSE,Apr-21
Kansas,4/19/21,2021,-2.80952381,0.238095238,3/16/20,210.9,2937880,7.178645826,3/30/20,5/3/20,democrat,2,2,FALSE,Apr-21
Alabama,4/10/21,2021,-3,0.19047619,3/21/20,484.1,5024279,9.635213331,4/4/20,4/30/20,republican,7,2,FALSE,Apr-21
Kansas,4/12/21,2021,-3.047619048,-0.904761905,3/16/20,233.4,2937880,7.9445042,3/30/20,5/3/20,democrat,2,2,FALSE,Apr-21
Alabama,4/17/21,2021,-3.142857143,-0.142857143,3/21/20,550.6,5024279,10.95878633,4/4/20,4/30/20,republican,7,2,FALSE,Apr-21
Alabama,4/24/21,2021,-3.142857143,0,3/21/20,349.3,5024279,6.952241307,4/4/20,4/30/20,republican,7,2,FALSE,Apr-21
Alabama,4/3/21,2021,-3.19047619,1.095238095,3/21/20,281.1,5024279,5.594832612,4/4/20,4/30/20,republican,7,2,FALSE,Apr-21
Idaho,8/26/20,2020,-3.19047619,-0.714285714,3/18/20,269.7,1839106,14.66473384,3/25/20,4/30/20,republican,4,1,FALSE,Aug-20
West Virginia,4/13/21,2021,-3.523809524,-2.714285714,3/17/20,383.6,1793716,21.38577121,3/24/20,5/4/20,republican,3,1,FALSE,Apr-21
Alaska,8/8/20,2020,-4.047619048,-1.952380952,3/21/20,83.1,733391,11.33092716,3/28/20,4/24/20,republican,7,1,FALSE,Aug-20
Indiana,4/27/21,2021,-4.142857143,2.285714286,3/17/20,1139.3,6785528,16.79014514,3/24/20,5/1/20,republican,3,1,FALSE,Apr-21
Missouri,4/5/21,2021,-4.142857143,1.857142857,3/16/20,628.3,6154913,10.2081053,4/6/20,5/3/20,republican,2,3,FALSE,Apr-21
Missouri,4/12/21,2021,-4.238095238,-0.095238095,3/16/20,-669.3,6154913,-10.87423981,4/6/20,5/3/20,republican,2,3,FALSE,Apr-21
Alaska,8/15/20,2020,-4.4375,-0.389880952,3/21/20,77.7,733391,10.59462142,3/28/20,4/24/20,republican,7,1,FALSE,Aug-20
Tennessee,4/6/21,2021,-4.619047619,3.428571429,3/17/20,1164.4,6910840,16.84889246,3/31/20,4/30/20,republican,3,2,FALSE,Apr-21
West Virginia,4/20/21,2021,-4.80952381,-1.285714286,3/17/20,360.6,1793716,20.10351694,3/24/20,5/4/20,republican,3,1,FALSE,Apr-21
Alaska,4/17/21,2021,-4.857142857,3.19047619,3/21/20,162.6,733391,22.17098383,3/28/20,4/24/20,republican,7,1,FALSE,Apr-21
Indiana,4/13/21,2021,-5,0.619047619,3/17/20,1279.4,6785528,18.8548334,3/24/20,5/1/20,republican,3,1,FALSE,Apr-21
Missouri,4/19/21,2021,-5.095238095,-0.857142857,3/16/20,653.7,6154913,10.62078375,4/6/20,5/3/20,republican,2,3,FALSE,Apr-21
Indiana,4/6/21,2021,-5.619047619,1.80952381,3/17/20,1171.1,6785528,17.25878959,3/24/20,5/1/20,republican,3,1,FALSE,Apr-21
Tennessee,4/27/21,2021,-5.714285714,1.619047619,3/17/20,886.3,6910840,12.82477962,3/31/20,4/30/20,republican,3,2,FALSE,Apr-21
Indiana,8/4/20,2020,-5.857142857,1.428571429,3/17/20,937,6785528,13.80880014,3/24/20,5/1/20,republican,3,1,FALSE,Aug-20
Kentucky,4/29/21,2021,-6.047619048,1.571428571,3/19/20,615.9,4505836,13.66893957,3/26/20,6/29/20,democrat,5,1,FALSE,Apr-21
Maine,8/20/20,2020,-6.071428571,-8.849206349,3/19/20,22,1362359,1.614846013,4/2/20,5/31/20,democrat,5,2,FALSE,Aug-20
Indiana,4/20/21,2021,-6.428571429,-1.428571429,3/17/20,955.6,6785528,14.08291293,3/24/20,5/1/20,republican,3,1,FALSE,Apr-21
Maine,4/29/21,2021,-6.523809524,3.095238095,3/19/20,309.6,1362359,22.72528753,4/2/20,5/31/20,democrat,5,2,FALSE,Apr-21
Indiana,8/11/20,2020,-6.80952381,-0.952380952,3/17/20,859.1,6785528,12.66076862,3/24/20,5/1/20,republican,3,1,FALSE,Aug-20
Tennessee,4/13/21,2021,-6.80952381,-2.19047619,3/17/20,1514.3,6910840,21.91195282,3/31/20,4/30/20,republican,3,2,FALSE,Apr-21
Maine,8/27/20,2020,-6.928571429,-0.857142857,3/19/20,25.6,1362359,1.879093543,4/2/20,5/31/20,democrat,5,2,FALSE,Aug-20
Kentucky,4/1/21,2021,-6.952380952,-1,3/19/20,569.1,4505836,12.63028659,3/26/20,6/29/20,democrat,5,1,FALSE,Apr-21
Kentucky,4/8/21,2021,-7.095238095,-0.142857143,3/19/20,580.3,4505836,12.87885311,3/26/20,6/29/20,democrat,5,1,FALSE,Apr-21
Kentucky,4/15/21,2021,-7.238095238,-0.142857143,3/19/20,572.1,4505836,12.69686691,3/26/20,6/29/20,democrat,5,1,FALSE,Apr-21
West Virginia,8/4/20,2020,-7.238095238,-1.476190476,3/17/20,111.3,1793716,6.204995663,3/24/20,5/4/20,republican,3,1,FALSE,Aug-20
West Virginia,8/11/20,2020,-7.238095238,0,3/17/20,126.3,1793716,7.041248447,3/24/20,5/4/20,republican,3,1,FALSE,Aug-20
Indiana,8/18/20,2020,-7.285714286,-0.476190476,3/17/20,940.9,6785528,13.8662754,3/24/20,5/1/20,republican,3,1,FALSE,Aug-20
Tennessee,4/20/21,2021,-7.333333333,-0.523809524,3/17/20,1093.4,6910840,15.82152097,3/31/20,4/30/20,republican,3,2,FALSE,Apr-21
Ohio,4/26/21,2021,-7.380952381,3.19047619,3/16/20,1528.3,11799448,12.95230082,3/23/20,5/19/20,republican,2,1,FALSE,Apr-21
Kentucky,4/22/21,2021,-7.619047619,-0.380952381,3/19/20,527.3,4505836,11.7026008,3/26/20,6/29/20,democrat,5,1,FALSE,Apr-21
Kansas,8/31/20,2020,-7.857142857,1.095238095,3/16/20,579.7,2937880,19.73191553,3/30/20,5/3/20,democrat,2,2,FALSE,Aug-20
Alaska,8/29/20,2020,-7.928571429,1.071428571,3/21/20,71.7,733391,9.776503939,3/28/20,4/24/20,republican,7,1,FALSE,Aug-20
Kansas,8/3/20,2020,-7.952380952,0.857142857,3/16/20,396.4,2937880,13.49272264,3/30/20,5/3/20,democrat,2,2,FALSE,Aug-20
Mississippi,8/28/20,2020,-7.952380952,3.142857143,3/20/20,631.6,2961279,21.32862186,4/3/20,4/27/20,republican,6,2,FALSE,Aug-20
Alaska,4/10/21,2021,-8.047619048,4.476190476,3/21/20,162.7,733391,22.18461912,3/28/20,4/24/20,republican,7,1,FALSE,Apr-21
Kansas,8/10/20,2020,-8.142857143,-0.19047619,3/16/20,463,2937880,15.75966343,3/30/20,5/3/20,democrat,2,2,FALSE,Aug-20
Indiana,8/25/20,2020,-8.285714286,-1,3/17/20,943.4,6785528,13.90311852,3/24/20,5/1/20,republican,3,1,FALSE,Aug-20
Kansas,8/17/20,2020,-8.380952381,-0.238095238,3/16/20,536.6,2937880,18.26487127,3/30/20,5/3/20,democrat,2,2,FALSE,Aug-20
West Virginia,8/18/20,2020,-8.65,-1.411904762,3/17/20,96.3,1793716,5.368742878,3/24/20,5/4/20,republican,3,1,FALSE,Aug-20
Ohio,4/5/21,2021,-8.714285714,4.523809524,3/16/20,2206.3,11799448,18.69833233,3/23/20,5/19/20,republican,2,1,FALSE,Apr-21
Wisconsin,4/28/21,2021,-8.904761905,2.380952381,3/18/20,717.3,5893718,12.1705857,3/25/20,5/13/20,democrat,4,1,FALSE,Apr-21
Kansas,8/24/20,2020,-8.952380952,-0.571428571,3/16/20,585,2937880,19.91231773,3/30/20,5/3/20,democrat,2,2,FALSE,Aug-20
Alaska,8/22/20,2020,-9,-4.5625,3/21/20,75.4,733391,10.28100972,3/28/20,4/24/20,republican,7,1,FALSE,Aug-20
Oklahoma,8/5/20,2020,-9.142857143,-1.238095238,3/18/20,752.1,3959353,18.9955278,4/1/20,5/6/20,republican,4,2,FALSE,Aug-20
Mississippi,8/7/20,2020,-9.238095238,-2.619047619,3/20/20,798,2961279,26.94781545,4/3/20,4/27/20,republican,6,2,FALSE,Aug-20
West Virginia,8/25/20,2020,-9.25,-0.6,3/17/20,133.4,1793716,7.437074765,3/24/20,5/4/20,republican,3,1,FALSE,Aug-20
Ohio,4/12/21,2021,-9.285714286,-0.571428571,3/16/20,1960,11799448,16.61094655,3/23/20,5/19/20,republican,2,1,FALSE,Apr-21
Alabama,8/1/20,2020,-9.619047619,1.80952381,3/21/20,1518.4,5024279,30.22125165,4/4/20,4/30/20,republican,7,2,FALSE,Aug-20
Maine,4/8/21,2021,-9.619047619,5.80952381,3/19/20,385.3,1362359,28.28182586,4/2/20,5/31/20,democrat,5,2,FALSE,Apr-21
Maine,4/22/21,2021,-9.619047619,1.857142857,3/19/20,318,1362359,23.3418651,4/2/20,5/31/20,democrat,5,2,FALSE,Apr-21
New Hampshire,8/14/20,2020,-9.705882353,0.865546218,3/20/20,18.4,1377529,1.335725056,3/27/20,6/15/20,republican,6,1,FALSE,Aug-20
Louisiana,4/19/21,2021,-9.761904762,3.523809524,3/16/20,512.3,4657757,10.99885632,3/23/20,5/15/20,democrat,2,1,FALSE,Apr-21
Oklahoma,8/12/20,2020,-9.761904762,-0.619047619,3/18/20,654.9,3959353,16.54058125,4/1/20,5/6/20,republican,4,2,FALSE,Aug-20
Mississippi,1/29/21,2021,-9.904761905,3.142857143,3/20/20,1150.9,2961279,38.86496342,4/3/20,4/27/20,republican,6,2,FALSE,Jan-21
Louisiana,4/26/21,2021,-10.14285714,-0.380952381,3/16/20,434.3,4657757,9.324230526,3/23/20,5/15/20,democrat,2,1,FALSE,Apr-21
Mississippi,8/14/20,2020,-10.14285714,-0.904761905,3/20/20,780.4,2961279,26.35347767,4/3/20,4/27/20,republican,6,2,FALSE,Aug-20
Oklahoma,8/19/20,2020,-10.23809524,-0.476190476,3/18/20,694.3,3959353,17.53569333,4/1/20,5/6/20,republican,4,2,FALSE,Aug-20
New Hampshire,4/30/21,2021,-10.33333333,3,3/20/20,208.3,1377529,15.12127875,3/27/20,6/15/20,republican,6,1,FALSE,Apr-21
Oklahoma,8/26/20,2020,-10.42857143,-0.19047619,3/18/20,746.6,3959353,18.85661622,4/1/20,5/6/20,republican,4,2,FALSE,Aug-20
Louisiana,4/5/21,2021,-10.52380952,1.285714286,3/16/20,481.3,4657757,10.33329991,3/23/20,5/15/20,democrat,2,1,FALSE,Apr-21
New Hampshire,8/28/20,2020,-10.53333333,0.933333333,3/20/20,21.9,1377529,1.589803191,3/27/20,6/15/20,republican,6,1,FALSE,Aug-20
New Hampshire,8/7/20,2020,-10.57142857,-0.380952381,3/20/20,25.6,1377529,1.858400077,3/27/20,6/15/20,republican,6,1,FALSE,Aug-20
Ohio,4/19/21,2021,-10.57142857,-1.285714286,3/16/20,1590.1,11799448,13.47605413,3/23/20,5/19/20,republican,2,1,FALSE,Apr-21
Mississippi,8/21/20,2020,-11.0952381,-0.952380952,3/20/20,749.4,2961279,25.30663271,4/3/20,4/27/20,republican,6,2,FALSE,Aug-20
Missouri,8/3/20,2020,-11.23809524,2.238095238,3/16/20,1021.4,6154913,16.59487307,4/6/20,5/3/20,republican,2,3,FALSE,Aug-20
Wisconsin,4/21/21,2021,-11.28571429,0.428571429,3/18/20,713.3,5893718,12.10271682,3/25/20,5/13/20,democrat,4,1,FALSE,Apr-21
Ohio,8/31/20,2020,-11.38095238,1.333333333,3/16/20,1185.4,11799448,10.04623267,3/23/20,5/19/20,republican,2,1,FALSE,Aug-20
South Carolina,8/4/20,2020,-11.38095238,-0.095238095,3/17/20,1172.6,5118425,22.90939107,4/7/20,5/4/20,republican,3,3,FALSE,Aug-20
Missouri,8/31/20,2020,-11.42857143,1.380952381,3/16/20,1473.7,6154913,23.9434741,4/6/20,5/3/20,republican,2,3,FALSE,Aug-20
Ohio,8/3/20,2020,-11.42857143,2.095238095,3/16/20,1116.7,11799448,9.464002045,3/23/20,5/19/20,republican,2,1,FALSE,Aug-20
New Hampshire,8/21/20,2020,-11.46666667,-1.760784314,3/20/20,20.6,1377529,1.495431312,3/27/20,6/15/20,republican,6,1,FALSE,Aug-20
Alabama,8/8/20,2020,-11.47619048,-1.857142857,3/21/20,1028.7,5024279,20.47457954,4/4/20,4/30/20,republican,7,2,FALSE,Aug-20
Alabama,8/29/20,2020,-11.47619048,2.476190476,3/21/20,1070.6,5024279,21.30853004,4/4/20,4/30/20,republican,7,2,FALSE,Aug-20
Maine,4/15/21,2021,-11.47619048,-1.857142857,3/19/20,441.6,1362359,32.41436361,4/2/20,5/31/20,democrat,5,2,FALSE,Apr-21
Wisconsin,8/12/20,2020,-11.52380952,0.380952381,3/18/20,630.1,5893718,10.69104426,3/25/20,5/13/20,democrat,4,1,FALSE,Aug-20
Missouri,8/17/20,2020,-11.57142857,0.285714286,3/16/20,1110.6,6154913,18.04412183,4/6/20,5/3/20,republican,2,3,FALSE,Aug-20
Ohio,8/17/20,2020,-11.61904762,0.857142857,3/16/20,930.7,11799448,7.887657118,3/23/20,5/19/20,republican,2,1,FALSE,Aug-20
Wisconsin,4/14/21,2021,-11.71428571,0.904761905,3/18/20,826.9,5893718,14.03019283,3/25/20,5/13/20,democrat,4,1,FALSE,Apr-21
Alabama,8/15/20,2020,-11.85714286,-0.380952381,3/21/20,1159.4,5024279,23.07594781,4/4/20,4/30/20,republican,7,2,FALSE,Aug-20
Missouri,8/10/20,2020,-11.85714286,-0.619047619,3/16/20,1279.1,6154913,20.78177222,4/6/20,5/3/20,republican,2,3,FALSE,Aug-20
South Carolina,8/11/20,2020,-11.85714286,-0.476190476,3/17/20,827.7,5118425,16.1709901,4/7/20,5/4/20,republican,3,3,FALSE,Aug-20
Wisconsin,8/5/20,2020,-11.9047619,-1.476190476,3/18/20,818.4,5893718,13.88597147,3/25/20,5/13/20,democrat,4,1,FALSE,Aug-20
Wisconsin,8/19/20,2020,-12,-0.476190476,3/18/20,756.6,5893718,12.83739738,3/25/20,5/13/20,democrat,4,1,FALSE,Aug-20
Wisconsin,8/26/20,2020,-12.0952381,-0.095238095,3/18/20,727.4,5893718,12.3419546,3/25/20,5/13/20,democrat,4,1,FALSE,Aug-20
Mississippi,1/8/21,2021,-12.19047619,2.761904762,3/20/20,2516,2961279,84.96328782,4/3/20,4/27/20,republican,6,2,FALSE,Jan-21
Kentucky,8/6/20,2020,-12.33333333,0.904761905,3/19/20,600.6,4505836,13.32937994,3/26/20,6/29/20,democrat,5,1,FALSE,Aug-20
Montana,1/9/21,2021,-12.33333333,-1.619047619,3/14/20,438.1,1084225,40.40674214,3/28/20,4/26/20,republican,7,2,FALSE,Jan-21
Montana,1/30/21,2021,-12.33333333,1.428571429,3/14/20,316,1084225,29.14524199,3/28/20,4/26/20,republican,7,2,FALSE,Jan-21
North Carolina,4/26/21,2021,-12.33333333,2.19047619,3/16/20,1831.4,10439388,17.54317399,3/30/20,5/22/20,democrat,2,2,FALSE,Apr-21
New Mexico,4/6/21,2021,-12.47619048,2.142857143,3/17/20,198.9,2117522,9.393054712,3/24/20,11/30/20,democrat,3,1,FALSE,Apr-21
Ohio,8/10/20,2020,-12.47619048,-1.047619048,3/16/20,1062.7,11799448,9.006353518,3/23/20,5/19/20,republican,2,1,FALSE,Aug-20
Alaska,4/3/21,2021,-12.52380952,-1.857142857,3/21/20,183,733391,24.95258327,3/28/20,4/24/20,republican,7,1,FALSE,Apr-21
South Carolina,8/25/20,2020,-12.52380952,0.523809524,3/17/20,920.1,5118425,17.97623292,4/7/20,5/4/20,republican,3,3,FALSE,Aug-20
New Mexico,4/27/21,2021,-12.57142857,0.952380952,3/17/20,218.3,2117522,10.30921993,3/24/20,11/30/20,democrat,3,1,FALSE,Apr-21
Wisconsin,4/7/21,2021,-12.61904762,2.238095238,3/18/20,912.4,5893718,15.48088999,3/25/20,5/13/20,democrat,4,1,FALSE,Apr-21
Ohio,8/24/20,2020,-12.71428571,-1.095238095,3/16/20,1065.4,11799448,9.029235944,3/23/20,5/19/20,republican,2,1,FALSE,Aug-20
Missouri,8/24/20,2020,-12.80952381,-1.238095238,3/16/20,1276.6,6154913,20.74115426,4/6/20,5/3/20,republican,2,3,FALSE,Aug-20
Mississippi,1/22/21,2021,-13.04761905,0.095238095,3/20/20,1622.7,2961279,54.79726834,4/3/20,4/27/20,republican,6,2,FALSE,Jan-21
South Carolina,8/18/20,2020,-13.04761905,-1.19047619,3/17/20,799.7,5118425,15.62394682,4/7/20,5/4/20,republican,3,3,FALSE,Aug-20
Mississippi,1/15/21,2021,-13.14285714,-0.952380952,3/20/20,1895.7,2961279,64.01625784,4/3/20,4/27/20,republican,6,2,FALSE,Jan-21
Louisiana,4/12/21,2021,-13.28571429,-2.761904762,3/16/20,445.3,4657757,9.560395701,3/23/20,5/15/20,democrat,2,1,FALSE,Apr-21
New Hampshire,4/23/21,2021,-13.33333333,0.095238095,3/20/20,252.1,1377529,18.30088514,3/27/20,6/15/20,republican,6,1,FALSE,Apr-21
Tennessee,8/4/20,2020,-13.33333333,-0.19047619,3/17/20,1732.7,6910840,25.0722054,3/31/20,4/30/20,republican,3,2,FALSE,Aug-20
New Hampshire,4/16/21,2021,-13.42857143,1,3/20/20,340.9,1377529,24.7472104,3/27/20,6/15/20,republican,6,1,FALSE,Apr-21
New Mexico,4/13/21,2021,-13.42857143,-0.952380952,3/17/20,213,2117522,10.05892737,3/24/20,11/30/20,democrat,3,1,FALSE,Apr-21
North Carolina,4/5/21,2021,-13.42857143,3.619047619,3/16/20,1892.4,10439388,18.12749943,3/30/20,5/22/20,democrat,2,2,FALSE,Apr-21
North Carolina,4/12/21,2021,-13.42857143,0,3/16/20,2041,10439388,19.55095452,3/30/20,5/22/20,democrat,2,2,FALSE,Apr-21
New Mexico,4/20/21,2021,-13.52380952,-0.095238095,3/17/20,195.1,2117522,9.21359967,3/24/20,11/30/20,democrat,3,1,FALSE,Apr-21
Michigan,4/27/21,2021,-13.61904762,3.904761905,3/17/20,3836,10077331,38.06563464,3/24/20,6/1/20,democrat,3,1,FALSE,Apr-21
Oklahoma,1/27/21,2021,-13.71428571,2.523809524,3/18/20,2263.4,3959353,57.16590564,4/1/20,5/6/20,republican,4,2,FALSE,Jan-21
Michigan,8/4/20,2020,-13.76190476,0.714285714,3/17/20,704.6,10077331,6.991930701,3/24/20,6/1/20,democrat,3,1,FALSE,Aug-20
Montana,1/23/21,2021,-13.76190476,0.904761905,3/14/20,313.9,1084225,28.95155526,3/28/20,4/26/20,republican,7,2,FALSE,Jan-21
Alabama,8/22/20,2020,-13.95238095,-2.095238095,3/21/20,1238.1,5024279,24.64234172,4/4/20,4/30/20,republican,7,2,FALSE,Aug-20
Kentucky,8/20/20,2020,-13.95238095,0.142857143,3/19/20,614.9,4505836,13.64674613,3/26/20,6/29/20,democrat,5,1,FALSE,Aug-20
Kentucky,8/13/20,2020,-14.0952381,-1.761904762,3/19/20,568.7,4505836,12.62140921,3/26/20,6/29/20,democrat,5,1,FALSE,Aug-20
Georgia,4/30/21,2021,-14.14285714,1.523809524,3/20/20,1192.1,10711908,11.12873636,4/3/20,4/30/20,republican,6,2,FALSE,Apr-21
Idaho,1/27/21,2021,-14.14285714,1.80952381,3/18/20,437.7,1839106,23.79960698,3/25/20,4/30/20,republican,4,1,FALSE,Jan-21
Kentucky,8/27/20,2020,-14.23809524,-0.285714286,3/19/20,680.1,4505836,15.09375841,3/26/20,6/29/20,democrat,5,1,FALSE,Aug-20
Arizona,4/6/21,2021,-14.38095238,1.523809524,3/17/20,760.9,7151502,10.63972296,3/31/20,5/15/20,republican,3,2,FALSE,Apr-21
New Hampshire,4/9/21,2021,-14.42857143,2.761904762,3/20/20,440.6,1377529,31.98480758,3/27/20,6/15/20,republican,6,1,FALSE,Apr-21
Delaware,4/27/21,2021,-14.47619048,2.619047619,3/17/20,229.7,989948,23.20323896,3/24/20,5/31/20,democrat,3,1,FALSE,Apr-21
Michigan,8/18/20,2020,-14.52380952,0.238095238,3/17/20,705.3,10077331,6.998876984,3/24/20,6/1/20,democrat,3,1,FALSE,Aug-20
North Carolina,4/19/21,2021,-14.52380952,-1.095238095,3/16/20,1891.3,10439388,18.11696241,3/30/20,5/22/20,democrat,2,2,FALSE,Apr-21
Arizona,4/13/21,2021,-14.61904762,-0.238095238,3/17/20,602.4,7151502,8.423405321,3/31/20,5/15/20,republican,3,2,FALSE,Apr-21
Tennessee,8/11/20,2020,-14.61904762,-1.285714286,3/17/20,1580.7,6910840,22.87276221,3/31/20,4/30/20,republican,3,2,FALSE,Aug-20
Montana,1/16/21,2021,-14.66666667,-2.333333333,3/14/20,344.9,1084225,31.81074039,3/28/20,4/26/20,republican,7,2,FALSE,Jan-21
Michigan,8/11/20,2020,-14.76190476,-1,3/17/20,777.6,10077331,7.716328857,3/24/20,6/1/20,democrat,3,1,FALSE,Aug-20
Arizona,4/20/21,2021,-14.80952381,-0.19047619,3/17/20,719.1,7151502,10.05523036,3/31/20,5/15/20,republican,3,2,FALSE,Apr-21
Texas,4/8/21,2021,-14.80952381,2.333333333,3/19/20,3632.9,29145505,12.46470082,4/2/20,4/30/20,republican,5,2,FALSE,Apr-21
Connecticut,4/26/21,2021,-14.9047619,1.857142857,3/16/20,638.1,3605944,17.6957823,3/23/20,5/20/20,democrat,2,1,FALSE,Apr-21
Tennessee,8/18/20,2020,-14.95238095,-0.333333333,3/17/20,1416.7,6910840,20.49967877,3/31/20,4/30/20,republican,3,2,FALSE,Aug-20
Arizona,4/27/21,2021,-15.04761905,-0.238095238,3/17/20,727.4,7151502,10.17128989,3/31/20,5/15/20,republican,3,2,FALSE,Apr-21
Texas,4/22/21,2021,-15.0952381,0.523809524,3/19/20,3209.1,29145505,11.01061725,4/2/20,4/30/20,republican,5,2,FALSE,Apr-21
Georgia,4/16/21,2021,-15.14285714,0.380952381,3/20/20,1359.7,10711908,12.69335024,4/3/20,4/30/20,republican,6,2,FALSE,Apr-21
Texas,4/29/21,2021,-15.19047619,-0.095238095,3/19/20,2868.3,29145505,9.841311722,4/2/20,4/30/20,republican,5,2,FALSE,Apr-21
Maine,4/1/21,2021,-15.42857143,-0.857142857,3/19/20,310.4,1362359,22.78400921,4/2/20,5/31/20,democrat,5,2,FALSE,Apr-21
Georgia,4/9/21,2021,-15.52380952,1.428571429,3/20/20,1470,10711908,13.72304542,4/3/20,4/30/20,republican,6,2,FALSE,Apr-21
Texas,4/15/21,2021,-15.61904762,-0.80952381,3/19/20,3349.7,29145505,11.4930244,4/2/20,4/30/20,republican,5,2,FALSE,Apr-21
Georgia,4/23/21,2021,-15.66666667,-0.523809524,3/20/20,1318,10711908,12.30406385,4/3/20,4/30/20,republican,6,2,FALSE,Apr-21
Michigan,8/25/20,2020,-15.80952381,-1.285714286,3/17/20,762.7,10077331,7.568472247,3/24/20,6/1/20,democrat,3,1,FALSE,Aug-20
Idaho,1/20/21,2021,-15.95238095,0.238095238,3/18/20,544.9,1839106,29.62852603,3/25/20,4/30/20,republican,4,1,FALSE,Jan-21
Delaware,8/18/20,2020,-16,0.857142857,3/17/20,58,989948,5.858893598,3/24/20,5/31/20,democrat,3,1,FALSE,Aug-20
Tennessee,8/25/20,2020,-16.04761905,-1.095238095,3/17/20,1525.1,6910840,22.06822904,3/31/20,4/30/20,republican,3,2,FALSE,Aug-20
Idaho,1/13/21,2021,-16.19047619,-1.238095238,3/18/20,786.4,1839106,42.75990617,3/25/20,4/30/20,republican,4,1,FALSE,Jan-21
Oklahoma,1/20/21,2021,-16.23809524,0.428571429,3/18/20,2595.7,3959353,65.55869103,4/1/20,5/6/20,republican,4,2,FALSE,Jan-21
Oklahoma,4/29/20,2020,-16.38095238,8.142857143,3/18/20,102.4,3959353,2.586281142,4/1/20,5/6/20,republican,4,2,TRUE,Apr-20
Minnesota,4/30/21,2021,-16.47619048,3.285714286,3/20/20,1469.9,5706494,25.75837283,3/27/20,5/17/20,democrat,6,1,FALSE,Apr-21
Delaware,8/4/20,2020,-16.52380952,-0.142857143,3/17/20,82.7,989948,8.353974148,3/24/20,5/31/20,democrat,3,1,FALSE,Aug-20
Oklahoma,1/13/21,2021,-16.66666667,-1.619047619,3/18/20,3001.3,3959353,75.80278899,4/1/20,5/6/20,republican,4,2,FALSE,Jan-21
Nevada,4/28/21,2021,-16.71428571,1.047619048,3/18/20,375.7,3104614,12.10134336,4/1/20,5/15/20,democrat,4,2,FALSE,Apr-21
Vermont,8/25/20,2020,-16.71428571,0.785714286,3/17/20,8.3,643077,1.290669702,3/24/20,5/15/20,republican,3,1,FALSE,Aug-20
Connecticut,4/19/21,2021,-16.76190476,3.428571429,3/16/20,814.9,3605944,22.59879798,3/23/20,5/20/20,democrat,2,1,FALSE,Apr-21
Delaware,4/13/21,2021,-16.80952381,0.380952381,3/17/20,374.6,989948,37.84037141,3/24/20,5/31/20,democrat,3,1,FALSE,Apr-21
Delaware,8/11/20,2020,-16.85714286,-0.333333333,3/17/20,128.9,989948,13.02088595,3/24/20,5/31/20,democrat,3,1,FALSE,Aug-20
Alabama,1/30/21,2021,-16.9047619,1.19047619,3/21/20,1962.4,5024279,39.05834051,4/4/20,4/30/20,republican,7,2,FALSE,Jan-21
Georgia,4/2/21,2021,-16.95238095,-1.047619048,3/20/20,1245.1,10711908,11.62351282,4/3/20,4/30/20,republican,6,2,FALSE,Apr-21
Nevada,4/7/21,2021,-17,1.666666667,3/18/20,443.3,3104614,14.2787477,4/1/20,5/15/20,democrat,4,2,FALSE,Apr-21
Oregon,4/5/21,2021,-17,2.428571429,3/16/20,526.6,4237256,12.42785425,3/23/20,6/19/20,democrat,2,1,FALSE,Apr-21
Delaware,4/20/21,2021,-17.0952381,-0.285714286,3/17/20,273.1,989948,27.58730762,3/24/20,5/31/20,democrat,3,1,FALSE,Apr-21
Texas,4/1/21,2021,-17.14285714,-2.761904762,3/19/20,3070.4,29145505,10.53472911,4/2/20,4/30/20,republican,5,2,FALSE,Apr-21
Delaware,4/6/21,2021,-17.19047619,1.047619048,3/17/20,335.4,989948,33.88056746,3/24/20,5/31/20,democrat,3,1,FALSE,Apr-21
New Hampshire,4/2/21,2021,-17.19047619,-0.904761905,3/20/20,414.6,1377529,30.09737,3/27/20,6/15/20,republican,6,1,FALSE,Apr-21
Delaware,8/25/20,2020,-17.21052632,-1.210526316,3/17/20,69.6,989948,7.030672318,3/24/20,5/31/20,democrat,3,1,FALSE,Aug-20
Nevada,4/14/21,2021,-17.28571429,-0.285714286,3/18/20,365.6,3104614,11.77602111,4/1/20,5/15/20,democrat,4,2,FALSE,Apr-21
Michigan,4/13/21,2021,-17.33333333,0.19047619,3/17/20,7416.3,10077331,73.59389108,3/24/20,6/1/20,democrat,3,1,FALSE,Apr-21
Oregon,4/12/21,2021,-17.33333333,-0.333333333,3/16/20,650.4,4237256,15.34955641,3/23/20,6/19/20,democrat,2,1,FALSE,Apr-21
Connecticut,8/31/20,2020,-17.38095238,1.571428571,3/16/20,124.3,3605944,3.447086255,3/23/20,5/20/20,democrat,2,1,FALSE,Aug-20
Vermont,8/11/20,2020,-17.4,2.361904762,3/17/20,9.3,643077,1.446172076,3/24/20,5/15/20,republican,3,1,FALSE,Aug-20
Louisiana,8/31/20,2020,-17.47619048,10.57142857,3/16/20,740.9,4657757,15.90679806,3/23/20,5/15/20,democrat,2,1,FALSE,Aug-20
Vermont,8/18/20,2020,-17.5,-0.1,3/17/20,5.6,643077,0.870813293,3/24/20,5/15/20,republican,3,1,FALSE,Aug-20
Florida,4/29/21,2021,-17.52380952,0.571428571,3/19/20,4483.3,21538187,20.81558675,4/2/20,5/4/20,republican,5,2,FALSE,Apr-21
Michigan,4/6/21,2021,-17.52380952,3.571428571,3/17/20,7283.3,10077331,72.27409718,3/24/20,6/1/20,democrat,3,1,FALSE,Apr-21
Michigan,4/20/21,2021,-17.52380952,-0.19047619,3/17/20,5144.1,10077331,51.04625421,3/24/20,6/1/20,democrat,3,1,FALSE,Apr-21
Alabama,1/9/21,2021,-17.61904762,-1.428571429,3/21/20,3320.1,5024279,66.08112328,4/4/20,4/30/20,republican,7,2,FALSE,Jan-21
Nevada,4/21/21,2021,-17.76190476,-0.476190476,3/18/20,395.9,3104614,12.75198785,4/1/20,5/15/20,democrat,4,2,FALSE,Apr-21
Virginia,4/26/21,2021,-17.76190476,2.666666667,3/16/20,1014.9,8631393,11.75824111,3/30/20,5/29/20,republican,2,2,FALSE,Apr-21
Connecticut,4/5/21,2021,-17.85714286,3.761904762,3/16/20,1090,3605944,30.22786821,3/23/20,5/20/20,democrat,2,1,FALSE,Apr-21
Pennsylvania,4/28/21,2021,-17.85714286,1.380952381,3/18/20,3170.6,13002700,24.38416637,4/1/20,6/4/20,democrat,4,2,FALSE,Apr-21
Kansas,1/18/21,2021,-17.95238095,0.428571429,3/16/20,1507.7,2937880,51.31931869,3/30/20,5/3/20,democrat,2,2,FALSE,Jan-21
Alabama,1/23/21,2021,-18.0952381,1.619047619,3/21/20,2785,5024279,55.43083893,4/4/20,4/30/20,republican,7,2,FALSE,Jan-21
Florida,4/22/21,2021,-18.0952381,0.904761905,3/19/20,5456,21538187,25.33175146,4/2/20,5/4/20,republican,5,2,FALSE,Apr-21
Oregon,4/26/21,2021,-18.0952381,0.380952381,3/16/20,806.3,4237256,19.02882431,3/23/20,6/19/20,democrat,2,1,FALSE,Apr-21
Florida,4/8/21,2021,-18.28571429,0.761904762,3/19/20,6419.9,21538187,29.8070585,4/2/20,5/4/20,republican,5,2,FALSE,Apr-21
New Mexico,8/4/20,2020,-18.28571429,-0.19047619,3/17/20,187.7,2117522,8.864134588,3/24/20,11/30/20,democrat,3,1,TRUE,Aug-20
Kansas,1/11/21,2021,-18.38095238,-1.952380952,3/16/20,1967.3,2937880,66.96325241,3/30/20,5/3/20,democrat,2,2,FALSE,Jan-21
South Carolina,1/26/21,2021,-18.42857143,0.904761905,3/17/20,3499.9,5118425,68.37845626,4/7/20,5/4/20,republican,3,3,FALSE,Jan-21
Connecticut,8/17/20,2020,-18.47619048,1.142857143,3/16/20,88.9,3605944,2.465373838,3/23/20,5/20/20,democrat,2,1,FALSE,Aug-20
Oregon,4/19/21,2021,-18.47619048,-1.142857143,3/16/20,797,4237256,18.80934265,3/23/20,6/19/20,democrat,2,1,FALSE,Apr-21
Connecticut,8/3/20,2020,-18.76190476,0.904761905,3/16/20,72.9,3605944,2.021662011,3/23/20,5/20/20,democrat,2,1,FALSE,Aug-20
Virginia,4/5/21,2021,-18.85714286,2.047619048,3/16/20,1486.3,8631393,17.21970023,3/30/20,5/29/20,republican,2,2,FALSE,Apr-21
Connecticut,8/24/20,2020,-18.95238095,-0.476190476,3/16/20,139.4,3605944,3.865839292,3/23/20,5/20/20,democrat,2,1,FALSE,Aug-20
Florida,4/15/21,2021,-19,-0.714285714,3/19/20,6095.4,21538187,28.30043216,4/2/20,5/4/20,republican,5,2,FALSE,Apr-21
Florida,4/1/21,2021,-19.04761905,-0.857142857,3/19/20,5573.1,21538187,25.87543696,4/2/20,5/4/20,republican,5,2,FALSE,Apr-21
Kansas,1/25/21,2021,-19.0952381,-1.142857143,3/16/20,1149.7,2937880,39.13366101,3/30/20,5/3/20,democrat,2,2,FALSE,Jan-21
Indiana,1/12/21,2021,-19.14285714,-1.761904762,3/17/20,3624.4,6785528,53.41367687,3/24/20,5/1/20,republican,3,1,FALSE,Jan-21
Indiana,1/19/21,2021,-19.14285714,0,3/17/20,2931.3,6785528,43.1992912,3/24/20,5/1/20,republican,3,1,FALSE,Jan-21
Oregon,8/3/20,2020,-19.14285714,0.428571429,3/16/20,310.7,4237256,7.33257561,3/23/20,6/19/20,democrat,2,1,FALSE,Aug-20
Missouri,1/18/21,2021,-19.19047619,1.761904762,3/16/20,2382.7,6154913,38.71216376,4/6/20,5/3/20,republican,2,3,FALSE,Jan-21
Pennsylvania,4/21/21,2021,-19.23809524,0.142857143,3/18/20,3709.7,13002700,28.53022834,4/1/20,6/4/20,democrat,4,2,FALSE,Apr-21
South Carolina,1/19/21,2021,-19.33333333,0.952380952,3/17/20,4279,5118425,83.59993553,4/7/20,5/4/20,republican,3,3,FALSE,Jan-21
Pennsylvania,4/7/21,2021,-19.38095238,4,3/18/20,4654.9,13002700,35.7994878,4/1/20,6/4/20,democrat,4,2,FALSE,Apr-21
Pennsylvania,4/14/21,2021,-19.38095238,0,3/18/20,4598.9,13002700,35.36880802,4/1/20,6/4/20,democrat,4,2,FALSE,Apr-21
Louisiana,8/3/20,2020,-19.42857143,0.952380952,3/16/20,1664.6,4657757,35.73823194,3/23/20,5/15/20,democrat,2,1,FALSE,Aug-20
New Mexico,8/11/20,2020,-19.47619048,-1.19047619,3/17/20,150.9,2117522,7.126254178,3/24/20,11/30/20,democrat,3,1,TRUE,Aug-20
Virginia,4/12/21,2021,-19.47619048,-0.619047619,3/16/20,1511.6,8631393,17.5128163,3/30/20,5/29/20,republican,2,2,FALSE,Apr-21
Illinois,4/24/21,2021,-19.57142857,1.666666667,3/14/20,2709.1,12812508,21.14418192,3/21/20,5/29/20,democrat,7,1,FALSE,Apr-21
Minnesota,4/16/21,2021,-19.57142857,2,3/20/20,1798.6,5706494,31.51847702,3/27/20,5/17/20,democrat,6,1,FALSE,Apr-21
Connecticut,8/10/20,2020,-19.61904762,-0.857142857,3/16/20,82.4,3605944,2.285115909,3/23/20,5/20/20,democrat,2,1,FALSE,Aug-20
Alabama,1/16/21,2021,-19.71428571,-2.095238095,3/21/20,2651.3,5024279,52.7697606,4/4/20,4/30/20,republican,7,2,FALSE,Jan-21
Oregon,8/31/20,2020,-19.71428571,0.380952381,3/16/20,212.9,4237256,5.024478106,3/23/20,6/19/20,democrat,2,1,FALSE,Aug-20
Minnesota,4/23/21,2021,-19.76190476,-0.19047619,3/20/20,1645.4,5706494,28.83381635,3/27/20,5/17/20,democrat,6,1,FALSE,Apr-21
Vermont,8/4/20,2020,-19.76190476,-0.714285714,3/17/20,5,643077,0.777511869,3/24/20,5/15/20,republican,3,1,FALSE,Aug-20
Colorado,4/29/21,2021,-19.80952381,0.666666667,3/19/20,1391.4,5773714,24.09887293,3/26/20,4/26/20,democrat,5,1,FALSE,Apr-21
Kentucky,1/7/21,2021,-19.9047619,2.817460317,3/19/20,3820.1,4505836,84.78115937,3/26/20,6/29/20,democrat,5,1,FALSE,Jan-21
Louisiana,8/17/20,2020,-19.9047619,1.095238095,3/16/20,717.9,4657757,15.41299814,3/23/20,5/15/20,democrat,2,1,FALSE,Aug-20
Oregon,8/24/20,2020,-20.0952381,0.095238095,3/16/20,231,4237256,5.451641345,3/23/20,6/19/20,democrat,2,1,FALSE,Aug-20
Connecticut,4/12/21,2021,-20.19047619,-2.333333333,3/16/20,1068,3605944,29.61776445,3/23/20,5/20/20,democrat,2,1,FALSE,Apr-21
Oregon,8/17/20,2020,-20.19047619,0.285714286,3/16/20,239.3,4237256,5.647522831,3/23/20,6/19/20,democrat,2,1,FALSE,Aug-20
South Carolina,1/12/21,2021,-20.28571429,-1.714285714,3/17/20,4830,5118425,94.36496579,4/7/20,5/4/20,republican,3,3,FALSE,Jan-21
New Mexico,8/25/20,2020,-20.33333333,0.19047619,3/17/20,115.7,2117522,5.463933787,3/24/20,11/30/20,democrat,3,1,TRUE,Aug-20
North Carolina,8/31/20,2020,-20.33333333,1.619047619,3/16/20,1432.9,10439388,13.72590041,3/30/20,5/22/20,democrat,2,2,FALSE,Aug-20
Virginia,4/19/21,2021,-20.42857143,-0.952380952,3/16/20,1153.9,8631393,13.36864165,3/30/20,5/29/20,republican,2,2,FALSE,Apr-21
Colorado,4/22/21,2021,-20.47619048,3.285714286,3/19/20,1647.7,5773714,28.53795668,3/26/20,4/26/20,democrat,5,1,FALSE,Apr-21
Oregon,8/10/20,2020,-20.47619048,-1.333333333,3/16/20,284.3,4237256,6.709530885,3/23/20,6/19/20,democrat,2,1,FALSE,Aug-20
New Mexico,8/18/20,2020,-20.52380952,-1.047619048,3/17/20,148.9,2117522,7.031804156,3/24/20,11/30/20,democrat,3,1,TRUE,Aug-20
Louisiana,1/25/21,2021,-20.76190476,3.476190476,3/16/20,2394.9,4657757,51.41745265,3/23/20,5/15/20,democrat,2,1,FALSE,Jan-21
Indiana,1/26/21,2021,-20.85714286,-1.714285714,3/17/20,2166.1,6785528,31.92235004,3/24/20,5/1/20,republican,3,1,FALSE,Jan-21
Maine,1/7/21,2021,-20.85714286,5.865079365,3/19/20,580,1362359,42.57321308,4/2/20,5/31/20,democrat,5,2,FALSE,Jan-21
Colorado,4/8/21,2021,-20.9047619,0.523809524,3/19/20,1579.9,5773714,27.36366921,3/26/20,4/26/20,democrat,5,1,FALSE,Apr-21
Missouri,1/11/21,2021,-20.95238095,-2.80952381,3/16/20,3072.1,6154913,49.91297196,4/6/20,5/3/20,republican,2,3,FALSE,Jan-21
Louisiana,8/10/20,2020,-21,-1.571428571,3/16/20,931.3,4657757,19.99460255,3/23/20,5/15/20,democrat,2,1,FALSE,Aug-20
Illinois,4/17/21,2021,-21.23809524,0.333333333,3/14/20,2815.7,12812508,21.9761814,3/21/20,5/29/20,democrat,7,1,FALSE,Apr-21
North Carolina,8/3/20,2020,-21.23809524,-0.619047619,3/16/20,1512.9,10439388,14.49222885,3/30/20,5/22/20,democrat,2,2,FALSE,Aug-20
Tennessee,1/26/21,2021,-21.23809524,0.714285714,3/17/20,2702.3,6910840,39.10233778,3/31/20,4/30/20,republican,3,2,FALSE,Jan-21
Idaho,4/29/20,2020,-21.28571429,6.238095238,3/18/20,25,1839106,1.359356122,3/25/20,4/30/20,republican,4,1,TRUE,Apr-20
North Carolina,8/10/20,2020,-21.33333333,-0.095238095,3/16/20,1409.4,10439388,13.50079143,3/30/20,5/22/20,democrat,2,2,FALSE,Aug-20
Colorado,4/1/21,2021,-21.42857143,-0.047619048,3/19/20,1603.3,5773714,27.76895426,3/26/20,4/26/20,democrat,5,1,FALSE,Apr-21
Missouri,1/25/21,2021,-21.42857143,-2.238095238,3/16/20,2000.7,6154913,32.50573972,4/6/20,5/3/20,republican,2,3,FALSE,Jan-21
Rhode Island,4/24/21,2021,-21.42857143,0.476190476,3/14/20,266,1097379,24.23957448,3/28/20,5/8/20,democrat,7,2,FALSE,Apr-21
Illinois,4/10/21,2021,-21.57142857,0.952380952,3/14/20,3311.6,12812508,25.84661801,3/21/20,5/29/20,democrat,7,1,FALSE,Apr-21
Minnesota,4/9/21,2021,-21.57142857,0.857142857,3/20/20,2092.6,5706494,36.67050206,3/27/20,5/17/20,democrat,6,1,FALSE,Apr-21
Rhode Island,8/1/20,2020,-21.66666667,-0.952380952,3/14/20,102.3,1097379,9.322212289,3/28/20,5/8/20,democrat,7,2,FALSE,Aug-20
Tennessee,1/12/21,2021,-21.76190476,-0.380952381,3/17/20,4119.3,6910840,59.60635755,3/31/20,4/30/20,republican,3,2,FALSE,Jan-21
Colorado,8/6/20,2020,-21.80952381,0.19047619,3/19/20,308.3,5773714,5.339717208,3/26/20,4/26/20,democrat,5,1,FALSE,Aug-20
Rhode Island,4/17/21,2021,-21.9047619,2.285714286,3/14/20,310.7,1097379,28.3129165,3/28/20,5/8/20,democrat,7,2,FALSE,Apr-21
Kentucky,1/28/21,2021,-21.95238095,0.380952381,3/19/20,2368,4505836,52.55406544,3/26/20,6/29/20,democrat,5,1,FALSE,Jan-21
North Carolina,8/24/20,2020,-21.95238095,0.047619048,3/16/20,1625.9,10439388,15.57466779,3/30/20,5/22/20,democrat,2,2,FALSE,Aug-20
Tennessee,1/19/21,2021,-21.95238095,-0.19047619,3/17/20,3293.3,6910840,47.65412019,3/31/20,4/30/20,republican,3,2,FALSE,Jan-21
North Carolina,8/17/20,2020,-22,-0.666666667,3/16/20,1600,10439388,15.32656895,3/30/20,5/22/20,democrat,2,2,FALSE,Aug-20
Alaska,1/30/21,2021,-22.14285714,1.047619048,3/21/20,170.7,733391,23.27544243,3/28/20,4/24/20,republican,7,1,FALSE,Jan-21
Pennsylvania,8/26/20,2020,-22.14285714,0.142857143,3/18/20,696.7,13002700,5.358117929,4/1/20,6/4/20,democrat,4,2,FALSE,Aug-20
Rhode Island,8/22/20,2020,-22.14285714,1.238095238,3/14/20,94.4,1097379,8.602315153,3/28/20,5/8/20,democrat,7,2,FALSE,Aug-20
Pennsylvania,8/5/20,2020,-22.28571429,1.238095238,3/18/20,762.1,13002700,5.861090389,4/1/20,6/4/20,democrat,4,2,FALSE,Aug-20
Pennsylvania,8/19/20,2020,-22.28571429,0.714285714,3/18/20,648.9,13002700,4.990501973,4/1/20,6/4/20,democrat,4,2,FALSE,Aug-20
Kentucky,1/21/21,2021,-22.33333333,0.428571429,3/19/20,2659.1,4505836,59.01457576,3/26/20,6/29/20,democrat,5,1,FALSE,Jan-21
Minnesota,4/2/21,2021,-22.42857143,-2.238095238,3/20/20,1930.7,5706494,33.83338351,3/27/20,5/17/20,democrat,6,1,FALSE,Apr-21
Illinois,4/3/21,2021,-22.52380952,-1.047619048,3/14/20,3122,12812508,24.36681405,3/21/20,5/29/20,democrat,7,1,FALSE,Apr-21
Rhode Island,8/29/20,2020,-22.52380952,-0.380952381,3/14/20,80,1097379,7.290097587,3/28/20,5/8/20,democrat,7,2,FALSE,Aug-20
Illinois,8/29/20,2020,-22.57142857,1.333333333,3/14/20,2301.7,12812508,17.96447659,3/21/20,5/29/20,democrat,7,1,FALSE,Aug-20
West Virginia,1/19/21,2021,-22.57142857,0.80952381,3/17/20,861.4,1793716,48.02320992,3/24/20,5/4/20,republican,3,1,FALSE,Jan-21
Colorado,8/27/20,2020,-22.76190476,0.952380952,3/19/20,293.9,5773714,5.09031102,3/26/20,4/26/20,democrat,5,1,FALSE,Aug-20
Kentucky,1/14/21,2021,-22.76190476,-2.857142857,3/19/20,3005.6,4505836,66.70460265,3/26/20,6/29/20,democrat,5,1,FALSE,Jan-21
Maryland,4/26/21,2021,-22.76190476,2.142857143,3/16/20,818.9,6177224,13.25676388,3/30/20,5/15/20,republican,2,2,FALSE,Apr-21
West Virginia,4/28/20,2020,-22.85714286,7.428571429,3/17/20,23,1793716,1.28225427,3/24/20,5/4/20,republican,3,1,TRUE,Apr-20
Minnesota,8/28/20,2020,-23,1,3/20/20,819,5706494,14.35206976,3/27/20,5/17/20,democrat,6,1,FALSE,Aug-20
Pennsylvania,8/12/20,2020,-23,-0.714285714,3/18/20,769.3,13002700,5.916463504,4/1/20,6/4/20,democrat,4,2,FALSE,Aug-20
Colorado,8/13/20,2020,-23.04761905,-1.238095238,3/19/20,285.7,5773714,4.948288052,3/26/20,4/26/20,democrat,5,1,FALSE,Aug-20
Illinois,8/1/20,2020,-23.0952381,0.476190476,3/14/20,1670.4,12812508,13.03726015,3/21/20,5/29/20,democrat,7,1,FALSE,Aug-20
Illinois,8/15/20,2020,-23.0952381,0.142857143,3/14/20,1903.1,12812508,14.85345414,3/21/20,5/29/20,democrat,7,1,FALSE,Aug-20
Alaska,1/23/21,2021,-23.19047619,2.19047619,3/21/20,162.4,733391,22.14371324,3/28/20,4/24/20,republican,7,1,FALSE,Jan-21
Ohio,1/11/21,2021,-23.19047619,-1.428571429,3/16/20,7098.4,11799448,60.15874641,3/23/20,5/19/20,republican,2,1,FALSE,Jan-21
Washington,4/13/21,2021,-23.19047619,2,3/17/20,1281.1,7705281,16.62625931,3/24/20,5/31/20,democrat,3,1,FALSE,Apr-21
Illinois,8/8/20,2020,-23.23809524,-0.142857143,3/14/20,1745,12812508,13.61950369,3/21/20,5/29/20,democrat,7,1,FALSE,Aug-20
Washington,4/27/21,2021,-23.33333333,1.476190476,3/17/20,1396.3,7705281,18.12133782,3/24/20,5/31/20,democrat,3,1,FALSE,Apr-21
Louisiana,1/11/21,2021,-23.38095238,-2.380952381,3/16/20,3164.4,4657757,67.93828016,3/23/20,5/15/20,democrat,2,1,FALSE,Jan-21
Rhode Island,8/15/20,2020,-23.38095238,0.238095238,3/14/20,98.1,1097379,8.939482166,3/28/20,5/8/20,democrat,7,2,FALSE,Aug-20
West Virginia,1/12/21,2021,-23.38095238,-4.857142857,3/17/20,1075.3,1793716,59.94817463,3/24/20,5/4/20,republican,3,1,FALSE,Jan-21
Minnesota,8/14/20,2020,-23.42857143,1.333333333,3/20/20,616.4,5706494,10.8017287,3/27/20,5/17/20,democrat,6,1,FALSE,Aug-20
Mississippi,4/24/20,2020,-23.42857143,5.619047619,3/20/20,237.4,2961279,8.016806252,4/3/20,4/27/20,republican,6,2,TRUE,Apr-20
Alaska,1/9/21,2021,-23.57142857,-1.904761905,3/21/20,260.7,733391,35.5472047,3/28/20,4/24/20,republican,7,1,FALSE,Jan-21
Rhode Island,8/8/20,2020,-23.61904762,-1.952380952,3/14/20,85.3,1097379,7.773066552,3/28/20,5/8/20,democrat,7,2,FALSE,Aug-20
Colorado,8/20/20,2020,-23.71428571,-0.666666667,3/19/20,306.7,5773714,5.312005409,3/26/20,4/26/20,democrat,5,1,FALSE,Aug-20
Colorado,4/15/21,2021,-23.76190476,-2.857142857,3/19/20,1666.6,5773714,28.8653023,3/26/20,4/26/20,democrat,5,1,FALSE,Apr-21
Illinois,8/22/20,2020,-23.9047619,-0.80952381,3/14/20,1977.3,12812508,15.43257573,3/21/20,5/29/20,democrat,7,1,FALSE,Aug-20
Rhode Island,4/3/21,2021,-23.95238095,-0.571428571,3/14/20,406,1097379,36.99724525,3/28/20,5/8/20,democrat,7,2,FALSE,Apr-21
Minnesota,8/21/20,2020,-24,-0.571428571,3/20/20,726,5706494,12.72234756,3/27/20,5/17/20,democrat,6,1,FALSE,Aug-20
Ohio,1/18/21,2021,-24.0952381,-0.904761905,3/16/20,5366.9,11799448,45.48433113,3/23/20,5/19/20,republican,2,1,FALSE,Jan-21
Texas,1/28/21,2021,-24.0952381,2.523809524,3/19/20,20054,29145505,68.80649349,4/2/20,4/30/20,republican,5,2,FALSE,Jan-21
Rhode Island,4/10/21,2021,-24.19047619,-0.238095238,3/14/20,436,1097379,39.73103185,3/28/20,5/8/20,democrat,7,2,FALSE,Apr-21
Louisiana,1/18/21,2021,-24.23809524,-0.857142857,3/16/20,2126,4657757,45.64428758,3/23/20,5/15/20,democrat,2,1,FALSE,Jan-21
New Jersey,4/24/21,2021,-24.33333333,0.80952381,3/14/20,544.1,9288994,5.857469603,3/21/20,6/9/20,democrat,7,1,FALSE,Apr-21
Georgia,8/28/20,2020,-24.38095238,1.714285714,3/20/20,2030.6,10711908,18.95647349,4/3/20,4/30/20,republican,6,2,FALSE,Aug-20
Virginia,8/31/20,2020,-24.38095238,0.523809524,3/16/20,1025.6,8631393,11.88220719,3/30/20,5/29/20,republican,2,2,FALSE,Aug-20
West Virginia,1/26/21,2021,-24.38095238,-1.80952381,3/17/20,798,1793716,44.48864815,3/24/20,5/4/20,republican,3,1,FALSE,Jan-21
Georgia,8/7/20,2020,-24.42857143,-0.428571429,3/20/20,3396.1,10711908,31.70396908,4/3/20,4/30/20,republican,6,2,FALSE,Aug-20
Kansas,4/27/20,2020,-24.47619048,5.761904762,3/16/20,268.4,2937880,9.135839449,3/30/20,5/3/20,democrat,2,2,TRUE,Apr-20
Oklahoma,4/22/20,2020,-24.52380952,1.904761905,3/18/20,86.1,3959353,2.174597718,4/1/20,5/6/20,republican,4,2,TRUE,Apr-20
Maryland,4/5/21,2021,-24.66666667,3,3/16/20,1343,6177224,21.74115752,3/30/20,5/15/20,republican,2,2,FALSE,Apr-21
Minnesota,8/7/20,2020,-24.76190476,-1.047619048,3/20/20,621.9,5706494,10.89811012,3/27/20,5/17/20,democrat,6,1,FALSE,Aug-20
Virginia,8/17/20,2020,-24.76190476,1.380952381,3/16/20,896.1,8631393,10.38186999,3/30/20,5/29/20,republican,2,2,FALSE,Aug-20
Washington,4/20/21,2021,-24.80952381,-1.619047619,3/17/20,1499.6,7705281,19.46197679,3/24/20,5/31/20,democrat,3,1,FALSE,Apr-21
Maryland,4/19/21,2021,-24.9047619,0.380952381,3/16/20,1032.7,6177224,16.7178655,3/30/20,5/15/20,republican,2,2,FALSE,Apr-21
South Carolina,4/28/20,2020,-24.9047619,5.761904762,3/17/20,163.4,5118425,3.192388284,4/7/20,5/4/20,republican,3,3,TRUE,Apr-20
Tennessee,4/28/20,2020,-24.9047619,7.476190476,3/17/20,504.1,6910840,7.294337591,3/31/20,4/30/20,republican,3,2,TRUE,Apr-20
Vermont,4/27/21,2021,-24.9047619,4,3/17/20,77.3,643077,12.02033349,3/24/20,5/15/20,republican,3,1,FALSE,Apr-21
Virginia,8/24/20,2020,-24.9047619,-0.142857143,3/16/20,969.6,8631393,11.23341273,3/30/20,5/29/20,republican,2,2,FALSE,Aug-20
New Hampshire,1/8/21,2021,-25,4.666666667,3/20/20,802.9,1377529,58.2855243,3/27/20,6/15/20,republican,6,1,FALSE,Jan-21
Texas,8/20/20,2020,-25.0952381,0.476190476,3/19/20,4700.4,29145505,16.12735823,4/2/20,4/30/20,republican,5,2,FALSE,Aug-20
Texas,8/27/20,2020,-25.0952381,0,3/19/20,4453.7,29145505,15.28091553,4/2/20,4/30/20,republican,5,2,FALSE,Aug-20
Vermont,4/6/21,2021,-25.0952381,3.238095238,3/17/20,146.3,643077,22.74999728,3/24/20,5/15/20,republican,3,1,FALSE,Apr-21
New Jersey,4/17/21,2021,-25.14285714,2.714285714,3/14/20,3090.3,9288994,33.26840345,3/21/20,6/9/20,democrat,7,1,FALSE,Apr-21
Texas,8/6/20,2020,-25.14285714,0.047619048,3/19/20,11244.1,29145505,38.57919086,4/2/20,4/30/20,republican,5,2,FALSE,Aug-20
Ohio,1/25/21,2021,-25.19047619,-1.095238095,3/16/20,4495.7,11799448,38.10093489,3/23/20,5/19/20,republican,2,1,FALSE,Jan-21
Washington,4/6/21,2021,-25.19047619,0.904761905,3/17/20,1133.6,7705281,14.71198779,3/24/20,5/31/20,democrat,3,1,FALSE,Apr-21
Georgia,8/14/20,2020,-25.23809524,-0.80952381,3/20/20,2581.9,10711908,24.10308229,4/3/20,4/30/20,republican,6,2,FALSE,Aug-20
Maryland,4/12/21,2021,-25.28571429,-0.619047619,3/16/20,1328.3,6177224,21.50318654,3/30/20,5/15/20,republican,2,2,FALSE,Apr-21
Wisconsin,1/13/21,2021,-25.33333333,-1.952380952,3/18/20,2288.4,5893718,38.82778239,3/25/20,5/13/20,democrat,4,1,FALSE,Jan-21
Alaska,1/16/21,2021,-25.38095238,-1.80952381,3/21/20,205.9,733391,28.07506501,3/28/20,4/24/20,republican,7,1,FALSE,Jan-21
Wisconsin,1/27/21,2021,-25.38095238,0.80952381,3/18/20,1453.7,5893718,24.66524527,3/25/20,5/13/20,democrat,4,1,FALSE,Jan-21
Texas,8/13/20,2020,-25.57142857,-0.428571429,3/19/20,8456.9,29145505,29.01613817,4/2/20,4/30/20,republican,5,2,FALSE,Aug-20
Virginia,8/3/20,2020,-25.61904762,-0.666666667,3/16/20,1186.3,8631393,13.7440156,3/30/20,5/29/20,republican,2,2,FALSE,Aug-20
Washington,8/25/20,2020,-26,0.714285714,3/17/20,477.3,7705281,6.194452869,3/24/20,5/31/20,democrat,3,1,FALSE,Aug-20
Georgia,8/21/20,2020,-26.0952381,-0.857142857,3/20/20,2333.3,10711908,21.78230059,4/3/20,4/30/20,republican,6,2,FALSE,Aug-20
Indiana,4/28/20,2020,-26.14285714,5.476190476,3/17/20,649.4,6785528,9.570367995,3/24/20,5/1/20,republican,3,1,TRUE,Apr-20
Virginia,8/10/20,2020,-26.14285714,-0.523809524,3/16/20,943,8631393,10.92523536,3/30/20,5/29/20,republican,2,2,FALSE,Aug-20
Alabama,4/25/20,2020,-26.19047619,5.571428571,3/21/20,192.6,5024279,3.833385845,4/4/20,4/30/20,republican,7,2,TRUE,Apr-20
Wisconsin,1/20/21,2021,-26.19047619,-0.857142857,3/18/20,1824.7,5893718,30.96008326,3/25/20,5/13/20,democrat,4,1,FALSE,Jan-21
New Mexico,1/26/21,2021,-26.33333333,3,3/17/20,693.4,2117522,32.74582271,3/24/20,11/30/20,democrat,3,1,FALSE,Jan-21
Georgia,1/29/21,2021,-26.38095238,1.238095238,3/20/20,5016.1,10711908,46.82732525,4/3/20,4/30/20,republican,6,2,FALSE,Jan-21
Washington,8/4/20,2020,-26.38095238,-0.476190476,3/17/20,687.6,7705281,8.923749828,3/24/20,5/31/20,democrat,3,1,FALSE,Aug-20
Oklahoma,4/15/20,2020,-26.42857143,7.380952381,3/18/20,89,3959353,2.247842009,4/1/20,5/6/20,republican,4,2,TRUE,Apr-20
Montana,4/25/20,2020,-26.47619048,5.857142857,3/14/20,1.3,1084225,0.119901312,3/28/20,4/26/20,republican,7,2,TRUE,Apr-20
Arizona,1/26/21,2021,-26.52380952,2.238095238,3/17/20,4892.9,7151502,68.41779531,3/31/20,5/15/20,republican,3,2,FALSE,Jan-21
Texas,1/21/21,2021,-26.61904762,0.333333333,3/19/20,18064.1,29145505,61.97902558,4/2/20,4/30/20,republican,5,2,FALSE,Jan-21
Washington,8/11/20,2020,-26.66666667,-0.285714286,3/17/20,589.4,7705281,7.649299227,3/24/20,5/31/20,democrat,3,1,FALSE,Aug-20
Washington,8/18/20,2020,-26.71428571,-0.047619048,3/17/20,539.3,7705281,6.999095815,3/24/20,5/31/20,democrat,3,1,FALSE,Aug-20
Texas,1/14/21,2021,-26.95238095,1.285714286,3/19/20,20701.3,29145505,71.02741915,4/2/20,4/30/20,republican,5,2,FALSE,Jan-21
Georgia,1/8/21,2021,-27,1.571428571,3/20/20,9670.6,10711908,90.27896804,4/3/20,4/30/20,republican,6,2,FALSE,Jan-21
New Hampshire,1/22/21,2021,-27.14285714,1.047619048,3/20/20,571.9,1377529,41.51636735,3/27/20,6/15/20,republican,6,1,FALSE,Jan-21
Missouri,4/27/20,2020,-27.33333333,5.333333333,3/16/20,206,6154913,3.34691977,4/6/20,5/3/20,republican,2,3,TRUE,Apr-20
Kentucky,4/30/20,2020,-27.42857143,5.857142857,3/19/20,199.6,4505836,4.429810583,3/26/20,6/29/20,democrat,5,1,TRUE,Apr-20
Idaho,4/22/20,2020,-27.52380952,2.523809524,3/18/20,30.9,1839106,1.680164167,3/25/20,4/30/20,republican,4,1,TRUE,Apr-20
New Jersey,4/3/21,2021,-27.57142857,0,3/14/20,3936.1,9288994,42.3738028,3/21/20,6/9/20,democrat,7,1,FALSE,Apr-21
Georgia,1/22/21,2021,-27.61904762,1,3/20/20,6879.7,10711908,64.2247861,4/3/20,4/30/20,republican,6,2,FALSE,Jan-21
New Jersey,8/29/20,2020,-27.71428571,0.476190476,3/14/20,393.7,9288994,4.238349169,3/21/20,6/9/20,democrat,7,1,FALSE,Aug-20
New York,4/30/21,2021,-27.76190476,1.428571429,3/20/20,2883.6,20201249,14.27436492,3/20/20,6/27/20,democrat,6,0,FALSE,Apr-21
Arizona,1/12/21,2021,-27.80952381,-1.095238095,3/17/20,7391.6,7151502,103.3573087,3/31/20,5/15/20,republican,3,2,FALSE,Jan-21
Florida,1/28/21,2021,-27.80952381,0.80952381,3/19/20,9778.3,21538187,45.39982869,4/2/20,5/4/20,republican,5,2,FALSE,Jan-21
New Mexico,1/12/21,2021,-27.80952381,-1,3/17/20,1025.1,2117522,48.4103589,3/24/20,11/30/20,democrat,3,1,FALSE,Jan-21
New Jersey,4/10/21,2021,-27.85714286,-0.285714286,3/14/20,3611.1,9288994,38.87503857,3/21/20,6/9/20,democrat,7,1,FALSE,Apr-21
Maine,1/21/21,2021,-27.9047619,0.380952381,3/19/20,458.1,1362359,33.62549812,4/2/20,5/31/20,democrat,5,2,FALSE,Jan-21
Florida,1/7/21,2021,-28,1.888888889,3/19/20,15366.6,21538187,71.34583798,4/2/20,5/4/20,republican,5,2,FALSE,Jan-21
Nevada,8/5/20,2020,-28,0.285714286,3/18/20,763,3104614,24.57632414,4/1/20,5/15/20,democrat,4,2,FALSE,Aug-20
California,4/29/21,2021,-28.04761905,1.380952381,3/19/20,1850.1,39538223,4.679269476,3/19/20,8/28/20,democrat,5,0,FALSE,Apr-21
Louisiana,8/24/20,2020,-28.04761905,-8.142857143,3/16/20,803.6,4657757,17.25293956,3/23/20,5/15/20,democrat,2,1,FALSE,Aug-20
Nevada,8/26/20,2020,-28.04761905,0.619047619,3/18/20,460,3104614,14.81665676,4/1/20,5/15/20,democrat,4,2,FALSE,Aug-20
Vermont,4/13/21,2021,-28.04761905,-2.952380952,3/17/20,117.3,643077,18.24042844,3/24/20,5/15/20,republican,3,1,FALSE,Apr-21
Maryland,8/31/20,2020,-28.19047619,0.428571429,3/16/20,618.3,6177224,10.00935048,3/30/20,5/15/20,republican,2,2,FALSE,Aug-20
New Hampshire,1/15/21,2021,-28.19047619,-3.19047619,3/20/20,661.6,1377529,48.028027,3/27/20,6/15/20,republican,6,1,FALSE,Jan-21
New Jersey,8/22/20,2020,-28.19047619,0.857142857,3/14/20,350.3,9288994,3.771129575,3/21/20,6/9/20,democrat,7,1,FALSE,Aug-20
New Jersey,8/8/20,2020,-28.23809524,1.80952381,3/14/20,482.3,9288994,5.192166127,3/21/20,6/9/20,democrat,7,1,FALSE,Aug-20
Texas,1/7/21,2021,-28.23809524,1.03968254,3/19/20,22030.1,29145505,75.58661276,4/2/20,4/30/20,republican,5,2,FALSE,Jan-21
Maine,1/14/21,2021,-28.28571429,-7.428571429,3/19/20,544.7,1362359,39.98211925,4/2/20,5/31/20,democrat,5,2,FALSE,Jan-21
North Carolina,1/11/21,2021,-28.33333333,-0.857142857,3/16/20,7349.9,10439388,70.40546821,3/30/20,5/22/20,democrat,2,2,FALSE,Jan-21
Arizona,8/25/20,2020,-28.52380952,0.714285714,3/17/20,488.7,7151502,6.833529516,3/31/20,5/15/20,republican,3,2,FALSE,Aug-20
Maryland,8/17/20,2020,-28.52380952,1.238095238,3/16/20,555.7,6177224,8.995950284,3/30/20,5/15/20,republican,2,2,FALSE,Aug-20
Florida,1/21/21,2021,-28.61904762,1,3/19/20,10737.1,21538187,49.85145686,4/2/20,5/4/20,republican,5,2,FALSE,Jan-21
Georgia,1/15/21,2021,-28.61904762,-1.619047619,3/20/20,7639.3,10711908,71.31595977,4/3/20,4/30/20,republican,6,2,FALSE,Jan-21
Maryland,8/24/20,2020,-28.61904762,-0.095238095,3/16/20,527,6177224,8.531340291,3/30/20,5/15/20,republican,2,2,FALSE,Aug-20
Nevada,8/19/20,2020,-28.66666667,0.333333333,3/18/20,539.1,3104614,17.36447752,4/1/20,5/15/20,democrat,4,2,FALSE,Aug-20
Arizona,1/19/21,2021,-28.76190476,-0.952380952,3/17/20,6944.7,7151502,97.1082718,3/31/20,5/15/20,republican,3,2,FALSE,Jan-21
Massachusetts,4/27/21,2021,-28.80952381,3.047619048,3/17/20,1152.9,7029917,16.39990913,3/24/20,5/18/20,republican,3,1,FALSE,Apr-21
Vermont,4/20/21,2021,-28.9047619,-0.857142857,3/17/20,72.1,643077,11.21172115,3/24/20,5/15/20,republican,3,1,FALSE,Apr-21
Nevada,8/12/20,2020,-29,-1,3/18/20,731.3,3104614,23.55526323,4/1/20,5/15/20,democrat,4,2,FALSE,Aug-20
Mississippi,4/17/20,2020,-29.04761905,4.571428571,3/20/20,218.4,2961279,7.375191598,4/3/20,4/27/20,republican,6,2,TRUE,Apr-20
New Jersey,8/15/20,2020,-29.04761905,-0.80952381,3/14/20,277,9288994,2.982023672,3/21/20,6/9/20,democrat,7,1,FALSE,Aug-20
North Carolina,1/18/21,2021,-29.04761905,-0.714285714,3/16/20,6310.7,10439388,60.45086168,3/30/20,5/22/20,democrat,2,2,FALSE,Jan-21
New York,4/23/21,2021,-29.19047619,0.761904762,3/20/20,3757.3,20201249,18.59934502,3/20/20,6/27/20,democrat,6,0,FALSE,Apr-21
Arizona,8/18/20,2020,-29.23809524,0.761904762,3/17/20,629.9,7151502,8.807939926,3/31/20,5/15/20,republican,3,2,FALSE,Aug-20
California,4/15/21,2021,-29.28571429,0.428571429,3/19/20,2488.6,39538223,6.294162487,3/19/20,8/28/20,democrat,5,0,FALSE,Apr-21
New Mexico,1/19/21,2021,-29.33333333,-1.523809524,3/17/20,776.1,2117522,36.65133113,3/24/20,11/30/20,democrat,3,1,FALSE,Jan-21
Hawaii,4/28/21,2021,-29.38095238,0.904761905,3/18/20,109.4,1455271,7.517500177,3/25/20,5/31/20,democrat,4,1,FALSE,Apr-21
Alaska,4/25/20,2020,-29.42857143,6.857142857,3/21/20,3.6,733391,0.490870491,3/28/20,4/24/20,republican,7,1,FALSE,Apr-20
Arizona,8/4/20,2020,-29.42857143,-0.095238095,3/17/20,1146.6,7151502,16.03299559,3/31/20,5/15/20,republican,3,2,FALSE,Aug-20
California,4/22/21,2021,-29.42857143,-0.142857143,3/19/20,1836.4,39538223,4.644619461,3/19/20,8/28/20,democrat,5,0,FALSE,Apr-21
Florida,1/14/21,2021,-29.61904762,-1.619047619,3/19/20,11934.1,21538187,55.4090277,4/2/20,5/4/20,republican,5,2,FALSE,Jan-21
Maryland,8/3/20,2020,-29.66666667,-1.285714286,3/16/20,747,6177224,12.09281062,3/30/20,5/15/20,republican,2,2,FALSE,Aug-20
New Hampshire,1/29/21,2021,-29.66666667,-2.523809524,3/20/20,414.4,1377529,30.08285125,3/27/20,6/15/20,republican,6,1,FALSE,Jan-21
California,4/8/21,2021,-29.71428571,1.285714286,3/19/20,3302.9,39538223,8.353688531,3/19/20,8/28/20,democrat,5,0,FALSE,Apr-21
Maryland,8/10/20,2020,-29.76190476,-0.095238095,3/16/20,672.7,6177224,10.89000496,3/30/20,5/15/20,republican,2,2,FALSE,Aug-20
Ohio,4/27/20,2020,-29.76190476,5.380952381,3/16/20,563.1,11799448,4.772257143,3/23/20,5/19/20,republican,2,1,TRUE,Apr-20
Colorado,1/28/21,2021,-29.9047619,4.476190476,3/19/20,1253.6,5773714,21.71219427,3/26/20,4/26/20,democrat,5,1,FALSE,Jan-21
Hawaii,4/14/21,2021,-29.95238095,0.428571429,3/18/20,95.3,1455271,6.548608472,3/25/20,5/31/20,democrat,4,1,FALSE,Apr-21
New Mexico,4/28/20,2020,-29.95238095,3.571428571,3/17/20,172.3,2117522,8.136869416,3/24/20,11/30/20,democrat,3,1,TRUE,Apr-20
New York,4/16/21,2021,-29.95238095,1.80952381,3/20/20,5386.7,20201249,26.66518293,3/20/20,6/27/20,democrat,6,0,FALSE,Apr-21
Arizona,8/11/20,2020,-30,-0.571428571,3/17/20,926,7151502,12.9483289,3/31/20,5/15/20,republican,3,2,FALSE,Aug-20
Idaho,4/15/20,2020,-30.04761905,6.571428571,3/18/20,38.9,1839106,2.115158126,3/25/20,4/30/20,republican,4,1,TRUE,Apr-20
Massachusetts,8/25/20,2020,-30.04761905,0.619047619,3/17/20,338.3,7029917,4.812290102,3/24/20,5/18/20,republican,3,1,FALSE,Aug-20
New Jersey,8/1/20,2020,-30.04761905,-0.619047619,3/14/20,383.9,9288994,4.13284797,3/21/20,6/9/20,democrat,7,1,FALSE,Aug-20
North Carolina,1/25/21,2021,-30.04761905,-1,3/16/20,5530.6,10439388,52.9782014,3/30/20,5/22/20,democrat,2,2,FALSE,Jan-21
Kansas,4/20/20,2020,-30.23809524,2.80952381,3/16/20,196,2937880,6.671477392,3/30/20,5/3/20,democrat,2,2,TRUE,Apr-20
Delaware,1/12/21,2021,-30.28571429,-0.619047619,3/17/20,726.1,989948,73.34728693,3/24/20,5/31/20,democrat,3,1,FALSE,Jan-21
Hawaii,4/21/21,2021,-30.28571429,-0.333333333,3/18/20,85.9,1455271,5.902680669,3/25/20,5/31/20,democrat,4,1,FALSE,Apr-21
West Virginia,4/21/20,2020,-30.28571429,1.904761905,3/17/20,23,1793716,1.28225427,3/24/20,5/4/20,republican,3,1,TRUE,Apr-20
Connecticut,1/11/21,2021,-30.33333333,-1,3/16/20,2489.7,3605944,69.04433347,3/23/20,5/20/20,democrat,2,1,FALSE,Jan-21
Hawaii,4/7/21,2021,-30.38095238,2.666666667,3/18/20,101.6,1455271,6.981517532,3/25/20,5/31/20,democrat,4,1,FALSE,Apr-21
Massachusetts,8/18/20,2020,-30.66666667,1.428571429,3/17/20,298.4,7029917,4.244715834,3/24/20,5/18/20,republican,3,1,FALSE,Aug-20
South Carolina,4/21/20,2020,-30.66666667,2.857142857,3/17/20,166.7,5118425,3.256861241,4/7/20,5/4/20,republican,3,3,TRUE,Apr-20
Delaware,1/19/21,2021,-30.71428571,-0.428571429,3/17/20,611.6,989948,61.78102284,3/24/20,5/31/20,democrat,3,1,FALSE,Jan-21
Wisconsin,4/29/20,2020,-30.9047619,5.428571429,3/18/20,325.3,5893718,5.519436118,3/25/20,5/13/20,democrat,4,1,TRUE,Apr-20
Massachusetts,4/6/21,2021,-30.95238095,3.285714286,3/17/20,2125.9,7029917,30.24075533,3/24/20,5/18/20,republican,3,1,FALSE,Apr-21
California,4/1/21,2021,-31,-0.714285714,3/19/20,2735.3,39538223,6.918115667,3/19/20,8/28/20,democrat,5,0,FALSE,Apr-21
Massachusetts,8/4/20,2020,-31,-0.952380952,3/17/20,291.7,7029917,4.149408876,3/24/20,5/18/20,republican,3,1,FALSE,Aug-20
Connecticut,1/25/21,2021,-31.57142857,0.238095238,3/16/20,1744,3605944,48.36458913,3/23/20,5/20/20,democrat,2,1,FALSE,Jan-21
Maine,1/28/21,2021,-31.57142857,-3.666666667,3/19/20,294.7,1362359,21.63159637,4/2/20,5/31/20,democrat,5,2,FALSE,Jan-21
Indiana,4/21/20,2020,-31.61904762,2.476190476,3/17/20,610.4,6785528,8.995615374,3/24/20,5/1/20,republican,3,1,TRUE,Apr-20
Alabama,4/18/20,2020,-31.76190476,3.238095238,3/21/20,219.3,5024279,4.364805378,4/4/20,4/30/20,republican,7,2,TRUE,Apr-20
New York,4/9/21,2021,-31.76190476,0.952380952,3/20/20,6647.1,20201249,32.90440111,3/20/20,6/27/20,democrat,6,0,FALSE,Apr-21
Connecticut,1/18/21,2021,-31.80952381,-1.476190476,3/16/20,2056.1,3605944,57.01974296,3/23/20,5/20/20,democrat,2,1,FALSE,Jan-21
Massachusetts,4/20/21,2021,-31.85714286,0.857142857,3/17/20,1384.4,7029917,19.69297788,3/24/20,5/18/20,republican,3,1,FALSE,Apr-21
Michigan,1/19/21,2021,-31.9047619,0.380952381,3/17/20,2137.9,10077331,21.21494273,3/24/20,6/1/20,democrat,3,1,FALSE,Jan-21
New York,8/28/20,2020,-31.9047619,0.476190476,3/20/20,704.1,20201249,3.485428054,3/20/20,6/27/20,democrat,6,0,FALSE,Aug-20
Virginia,1/11/21,2021,-31.9047619,-1.380952381,3/16/20,5778.4,8631393,66.94632025,3/30/20,5/29/20,republican,2,2,FALSE,Jan-21
Massachusetts,8/11/20,2020,-32.0952381,-1.095238095,3/17/20,289.9,7029917,4.123804022,3/24/20,5/18/20,republican,3,1,FALSE,Aug-20
Michigan,1/26/21,2021,-32.19047619,-0.285714286,3/17/20,1802.4,10077331,17.88568818,3/24/20,6/1/20,democrat,3,1,FALSE,Jan-21
West Virginia,4/14/20,2020,-32.19047619,7.142857143,3/17/20,41.6,1793716,2.319207723,3/24/20,5/4/20,republican,3,1,TRUE,Apr-20
Michigan,1/12/21,2021,-32.28571429,-2.095238095,3/17/20,2492.3,10077331,24.73174693,3/24/20,6/1/20,democrat,3,1,FALSE,Jan-21
Montana,4/18/20,2020,-32.33333333,7.80952381,3/14/20,3.1,1084225,0.285918513,3/28/20,4/26/20,republican,7,2,TRUE,Apr-20
New York,8/21/20,2020,-32.38095238,1.095238095,3/20/20,610,20201249,3.019615272,3/20/20,6/27/20,democrat,6,0,FALSE,Aug-20
Tennessee,4/21/20,2020,-32.38095238,0.857142857,3/17/20,371.9,6910840,5.381400814,3/31/20,4/30/20,republican,3,2,TRUE,Apr-20
Oklahoma,4/1/20,2020,-32.42857143,-3.333333333,3/18/20,129.4,3959353,3.26821074,4/1/20,5/6/20,republican,4,2,TRUE,Apr-20
Florida,8/6/20,2020,-32.47619048,1.428571429,3/19/20,6880.3,21538187,31.94465718,4/2/20,5/4/20,republican,5,2,FALSE,Aug-20
Florida,8/27/20,2020,-32.47619048,0.238095238,3/19/20,3531.4,21538187,16.3959947,4/2/20,5/4/20,republican,5,2,FALSE,Aug-20
Texas,4/30/20,2020,-32.47619048,4.952380952,3/19/20,944.4,29145505,3.240293829,4/2/20,4/30/20,republican,5,2,TRUE,Apr-20
Minnesota,1/29/21,2021,-32.57142857,1.333333333,3/20/20,934.7,5706494,16.37958438,3/27/20,5/17/20,democrat,6,1,FALSE,Jan-21
Missouri,4/20/20,2020,-32.66666667,2.142857143,3/16/20,204,6154913,3.314425403,4/6/20,5/3/20,republican,2,3,TRUE,Apr-20
Florida,8/20/20,2020,-32.71428571,0.047619048,3/19/20,3525,21538187,16.36628004,4/2/20,5/4/20,republican,5,2,FALSE,Aug-20
Massachusetts,4/13/21,2021,-32.71428571,-1.761904762,3/17/20,1839,7029917,26.15962607,3/24/20,5/18/20,republican,3,1,FALSE,Apr-21
New York,4/2/21,2021,-32.71428571,0.333333333,3/20/20,7357,20201249,36.41854026,3/20/20,6/27/20,democrat,6,0,FALSE,Apr-21
Florida,8/13/20,2020,-32.76190476,-0.285714286,3/19/20,4735.1,21538187,21.98467308,4/2/20,5/4/20,republican,5,2,FALSE,Aug-20
Pennsylvania,1/13/21,2021,-32.80952381,-2.666666667,3/18/20,6252.4,13002700,48.08539765,4/1/20,6/4/20,democrat,4,2,FALSE,Jan-21
Oregon,1/11/21,2021,-32.85714286,-0.666666667,3/16/20,1074.6,4237256,25.36075234,3/23/20,6/19/20,democrat,2,1,FALSE,Jan-21
Rhode Island,1/9/21,2021,-32.95238095,1.952380952,3/14/20,975.6,1097379,88.90274007,3/28/20,5/8/20,democrat,7,2,FALSE,Jan-21
Kansas,4/13/20,2020,-33.04761905,3.095238095,3/16/20,80.1,2937880,2.726455812,3/30/20,5/3/20,democrat,2,2,TRUE,Apr-20
New York,8/7/20,2020,-33.04761905,0.714285714,3/20/20,579.9,20201249,2.870614584,3/20/20,6/27/20,democrat,6,0,FALSE,Aug-20
Colorado,1/14/21,2021,-33.0952381,0.523809524,3/19/20,1562.6,5773714,27.06403539,3/26/20,4/26/20,democrat,5,1,FALSE,Jan-21
Louisiana,4/27/20,2020,-33.0952381,3.714285714,3/16/20,366.7,4657757,7.872888173,3/23/20,5/15/20,democrat,2,1,TRUE,Apr-20
Virginia,1/18/21,2021,-33.19047619,-1.285714286,3/16/20,4734.6,8631393,54.85325486,3/30/20,5/29/20,republican,2,2,FALSE,Jan-21
Tennessee,4/14/20,2020,-33.23809524,7.428571429,3/17/20,250.7,6910840,3.627634267,3/31/20,4/30/20,republican,3,2,TRUE,Apr-20
Kentucky,4/23/20,2020,-33.28571429,0.619047619,3/19/20,165.6,4505836,3.67523363,3/26/20,6/29/20,democrat,5,1,TRUE,Apr-20
Pennsylvania,1/20/21,2021,-33.33333333,-0.523809524,3/18/20,5063,13002700,38.93806671,4/1/20,6/4/20,democrat,4,2,FALSE,Jan-21
New York,8/14/20,2020,-33.47619048,-0.428571429,3/20/20,594.7,20201249,2.943877381,3/20/20,6/27/20,democrat,6,0,FALSE,Aug-20
New Mexico,4/21/20,2020,-33.52380952,1.523809524,3/17/20,122,2117522,5.761451357,3/24/20,11/30/20,democrat,3,1,TRUE,Apr-20
South Carolina,4/14/20,2020,-33.52380952,7.904761905,3/17/20,150.7,5118425,2.944265082,4/7/20,5/4/20,republican,3,3,TRUE,Apr-20
Colorado,1/7/21,2021,-33.61904762,1.214285714,3/19/20,1910.9,5773714,33.09654756,3/26/20,4/26/20,democrat,5,1,FALSE,Jan-21
Mississippi,4/10/20,2020,-33.61904762,1.095238095,3/20/20,194.9,2961279,6.581615579,4/3/20,4/27/20,republican,6,2,TRUE,Apr-20
Illinois,1/9/21,2021,-33.80952381,0.380952381,3/14/20,6000.3,12812508,46.83158051,3/21/20,5/29/20,democrat,7,1,FALSE,Jan-21
Oklahoma,4/8/20,2020,-33.80952381,-1.380952381,3/18/20,101.4,3959353,2.561024491,4/1/20,5/6/20,republican,4,2,TRUE,Apr-20
Nevada,1/27/21,2021,-33.85714286,1.047619048,3/18/20,1014.9,3104614,32.69005422,4/1/20,5/15/20,democrat,4,2,FALSE,Jan-21
Kentucky,4/16/20,2020,-33.9047619,5.714285714,3/19/20,166.9,4505836,3.704085102,3/26/20,6/29/20,democrat,5,1,TRUE,Apr-20
Minnesota,1/22/21,2021,-33.9047619,0.619047619,3/20/20,1124.4,5706494,19.70386721,3/27/20,5/17/20,democrat,6,1,FALSE,Jan-21
Oregon,1/25/21,2021,-33.9047619,0.095238095,3/16/20,606.9,4237256,14.32294863,3/23/20,6/19/20,democrat,2,1,FALSE,Jan-21
Oregon,1/18/21,2021,-34,-1.142857143,3/16/20,709,4237256,16.7325269,3/23/20,6/19/20,democrat,2,1,FALSE,Jan-21
California,8/27/20,2020,-34.04761905,1.380952381,3/19/20,4836.9,39538223,12.23347847,3/19/20,8/28/20,democrat,5,0,TRUE,Aug-20
Indiana,4/14/20,2020,-34.0952381,5.047619048,3/17/20,475.6,6785528,7.009034522,3/24/20,5/1/20,republican,3,1,TRUE,Apr-20
California,8/6/20,2020,-34.33333333,0.19047619,3/19/20,8814.3,39538223,22.29311115,3/19/20,8/28/20,democrat,5,0,TRUE,Aug-20
Nevada,1/13/21,2021,-34.33333333,-0.80952381,3/18/20,1590,3104614,51.21409618,4/1/20,5/15/20,democrat,4,2,FALSE,Jan-21
Colorado,1/21/21,2021,-34.38095238,-1.285714286,3/19/20,1359.6,5773714,23.54810093,3/26/20,4/26/20,democrat,5,1,FALSE,Jan-21
Maine,4/30/20,2020,-34.52380952,5.571428571,3/19/20,28.3,1362359,2.07727919,4/2/20,5/31/20,democrat,5,2,TRUE,Apr-20
Minnesota,1/15/21,2021,-34.52380952,0.19047619,3/20/20,1261,5706494,22.09763123,3/27/20,5/17/20,democrat,6,1,FALSE,Jan-21
North Carolina,4/27/20,2020,-34.66666667,5.238095238,3/16/20,404,10439388,3.86995866,3/30/20,5/22/20,democrat,2,2,TRUE,Apr-20
Minnesota,1/8/21,2021,-34.71428571,4,3/20/20,1766.4,5706494,30.95420761,3/27/20,5/17/20,democrat,6,1,FALSE,Jan-21
Mississippi,4/3/20,2020,-34.71428571,-7.285714286,3/20/20,154.7,2961279,5.224094049,4/3/20,4/27/20,republican,6,2,TRUE,Apr-20
Missouri,4/13/20,2020,-34.80952381,5.80952381,3/16/20,193.7,6154913,3.147079414,4/6/20,5/3/20,republican,2,3,TRUE,Apr-20
Illinois,1/23/21,2021,-34.9047619,0.142857143,3/14/20,3879,12812508,30.27510305,3/21/20,5/29/20,democrat,7,1,FALSE,Jan-21
Nevada,1/20/21,2021,-34.9047619,-0.571428571,3/18/20,1268.7,3104614,40.86498354,4/1/20,5/15/20,democrat,4,2,FALSE,Jan-21
Alabama,4/11/20,2020,-35,2.238095238,3/21/20,206.4,5024279,4.108052121,4/4/20,4/30/20,republican,7,2,TRUE,Apr-20
Illinois,1/16/21,2021,-35.04761905,-1.238095238,3/14/20,4864.4,12812508,37.96602507,3/21/20,5/29/20,democrat,7,1,FALSE,Jan-21
New Mexico,4/14/20,2020,-35.04761905,5.619047619,3/17/20,101.3,2117522,4.783893627,3/24/20,11/30/20,democrat,3,1,TRUE,Apr-20
Vermont,1/26/21,2021,-35.04761905,0.380952381,3/17/20,131.1,643077,20.3863612,3/24/20,5/15/20,republican,3,1,FALSE,Jan-21
Ohio,4/20/20,2020,-35.14285714,2.761904762,3/16/20,624.3,11799448,5.290925474,3/23/20,5/19/20,republican,2,1,TRUE,Apr-20
Vermont,1/12/21,2021,-35.19047619,-4.904761905,3/17/20,163.1,643077,25.36243716,3/24/20,5/15/20,republican,3,1,FALSE,Jan-21
Illinois,1/30/21,2021,-35.33333333,-0.428571429,3/14/20,2955.9,12812508,23.07042462,3/21/20,5/29/20,democrat,7,1,FALSE,Jan-21
California,8/20/20,2020,-35.42857143,0.333333333,3/19/20,5513.4,39538223,13.94448102,3/19/20,8/28/20,democrat,5,0,TRUE,Aug-20
Vermont,1/19/21,2021,-35.42857143,-0.238095238,3/17/20,135,643077,20.99282046,3/24/20,5/15/20,republican,3,1,FALSE,Jan-21
Virginia,1/25/21,2021,-35.47619048,-2.285714286,3/16/20,4618.9,8631393,53.51279915,3/30/20,5/29/20,republican,2,2,FALSE,Jan-21
Delaware,1/26/21,2021,-35.57142857,-4.857142857,3/17/20,472,989948,47.67927204,3/24/20,5/31/20,democrat,3,1,FALSE,Jan-21
California,8/13/20,2020,-35.76190476,-1.428571429,3/19/20,7339.4,39538223,18.56279682,3/19/20,8/28/20,democrat,5,0,TRUE,Aug-20
New Jersey,1/9/21,2021,-35.80952381,0.761904762,3/14/20,6191.4,9288994,66.65307352,3/21/20,6/9/20,democrat,7,1,FALSE,Jan-21
Arizona,4/28/20,2020,-36,2.571428571,3/17/20,314.1,7151502,4.392084348,3/31/20,5/15/20,republican,3,2,TRUE,Apr-20
Kansas,4/6/20,2020,-36.14285714,-0.666666667,3/16/20,84.7,2937880,2.883031301,3/30/20,5/3/20,democrat,2,2,TRUE,Apr-20
Alaska,4/18/20,2020,-36.28571429,5.333333333,3/21/20,4.3,733391,0.58631753,3/28/20,4/24/20,republican,7,1,TRUE,Apr-20
Wisconsin,4/22/20,2020,-36.33333333,0.952380952,3/18/20,237.7,5893718,4.033107794,3/25/20,5/13/20,democrat,4,1,TRUE,Apr-20
Kentucky,4/2/20,2020,-36.38095238,-1.428571429,3/19/20,73.9,4505836,1.640095201,3/26/20,6/29/20,democrat,5,1,TRUE,Apr-20
Rhode Island,1/16/21,2021,-36.38095238,-3.428571429,3/14/20,756,1097379,68.8914222,3/28/20,5/8/20,democrat,7,2,FALSE,Jan-21
Maryland,1/11/21,2021,-36.42857143,-0.952380952,3/16/20,2824.4,6177224,45.72280364,3/30/20,5/15/20,republican,2,2,FALSE,Jan-21
Idaho,4/8/20,2020,-36.61904762,0.285714286,3/18/20,42,1839106,2.283718285,3/25/20,4/30/20,republican,4,1,TRUE,Apr-20
Louisiana,4/20/20,2020,-36.80952381,3.19047619,3/16/20,406.4,4657757,8.725229762,3/23/20,5/15/20,democrat,2,1,TRUE,Apr-20
New Jersey,1/16/21,2021,-36.80952381,-1,3/14/20,4908.1,9288994,52.83779923,3/21/20,6/9/20,democrat,7,1,FALSE,Jan-21
Rhode Island,1/23/21,2021,-36.85714286,-0.476190476,3/14/20,671.9,1097379,61.22770711,3/28/20,5/8/20,democrat,7,2,FALSE,Jan-21
Idaho,4/1/20,2020,-36.9047619,-1,3/18/20,93.6,1839106,5.089429321,3/25/20,4/30/20,republican,4,1,TRUE,Apr-20
Alabama,4/4/20,2020,-37.23809524,-5.714285714,3/21/20,215.1,5024279,4.281211294,4/4/20,4/30/20,republican,7,2,TRUE,Apr-20
Wisconsin,4/15/20,2020,-37.28571429,7.19047619,3/18/20,152.9,5893718,2.594287681,3/25/20,5/13/20,democrat,4,1,TRUE,Apr-20
Texas,4/23/20,2020,-37.42857143,2.904761905,3/19/20,863,29145505,2.961005479,4/2/20,4/30/20,republican,5,2,TRUE,Apr-20
Oregon,4/27/20,2020,-37.57142857,2.904761905,3/16/20,52.7,4237256,1.243729432,3/23/20,6/19/20,democrat,2,1,TRUE,Apr-20
Washington,1/12/21,2021,-37.71428571,0.095238095,3/17/20,1893.3,7705281,24.5714595,3/24/20,5/31/20,democrat,3,1,FALSE,Jan-21
Rhode Island,1/30/21,2021,-37.76190476,-0.904761905,3/14/20,493.3,1097379,44.95256425,3/28/20,5/8/20,democrat,7,2,FALSE,Jan-21
Ohio,4/13/20,2020,-37.9047619,2.904761905,3/16/20,714,11799448,6.051130527,3/23/20,5/19/20,republican,2,1,TRUE,Apr-20
Washington,1/26/21,2021,-37.95238095,0.380952381,3/17/20,1599.1,7705281,20.75329894,3/24/20,5/31/20,democrat,3,1,FALSE,Jan-21
Maryland,1/18/21,2021,-38.04761905,-1.619047619,3/16/20,2143.9,6177224,34.70652837,3/30/20,5/15/20,republican,2,2,FALSE,Jan-21
New Jersey,1/23/21,2021,-38.04761905,-1.238095238,3/14/20,5268.6,9288994,56.71873617,3/21/20,6/9/20,democrat,7,1,FALSE,Jan-21
Washington,1/19/21,2021,-38.33333333,-0.619047619,3/17/20,1743.1,7705281,22.62214707,3/24/20,5/31/20,democrat,3,1,FALSE,Jan-21
Delaware,4/28/20,2020,-38.42857143,5.761904762,3/17/20,160.9,989948,16.25337897,3/24/20,5/31/20,democrat,3,1,TRUE,Apr-20
Georgia,4/24/20,2020,-38.47619048,4.952380952,3/20/20,625.9,10711908,5.843030019,4/3/20,4/30/20,republican,6,2,TRUE,Apr-20
Arizona,4/21/20,2020,-38.57142857,0.333333333,3/17/20,236.7,7151502,3.309794222,3/31/20,5/15/20,republican,3,2,TRUE,Apr-20
Montana,4/4/20,2020,-38.66666667,3.095238095,3/14/20,17.4,1084225,1.604832945,3/28/20,4/26/20,republican,7,2,TRUE,Apr-20
Arizona,4/14/20,2020,-38.9047619,4.428571429,3/17/20,194.7,7151502,2.722505007,3/31/20,5/15/20,republican,3,2,TRUE,Apr-20
Indiana,4/7/20,2020,-39.14285714,-1.904761905,3/17/20,486.1,6785528,7.163775612,3/24/20,5/1/20,republican,3,1,TRUE,Apr-20
New York,1/8/21,2021,-39.28571429,4.142857143,3/20/20,15938.3,20201249,78.89759688,3/20/20,6/27/20,democrat,6,0,FALSE,Jan-21
West Virginia,4/7/20,2020,-39.33333333,-3.428571429,3/17/20,38,1793716,2.118507055,3/24/20,5/4/20,republican,3,1,TRUE,Apr-20
Maryland,1/25/21,2021,-39.57142857,-1.523809524,3/16/20,1860.1,6177224,30.11223164,3/30/20,5/15/20,republican,2,2,FALSE,Jan-21
Pennsylvania,1/27/21,2021,-39.57142857,-6.238095238,3/18/20,5365.7,13002700,41.26604474,4/1/20,6/4/20,democrat,4,2,FALSE,Jan-21
Colorado,4/30/20,2020,-39.61904762,4.476190476,3/19/20,390.6,5773714,6.765142853,3/26/20,4/26/20,democrat,5,1,FALSE,Apr-20
Kentucky,4/9/20,2020,-39.61904762,-3.238095238,3/19/20,151.6,4505836,3.364525473,3/26/20,6/29/20,democrat,5,1,TRUE,Apr-20
California,1/28/21,2021,-39.71428571,2.619047619,3/19/20,16498.4,39538223,41.72772256,3/19/20,8/28/20,democrat,5,0,FALSE,Jan-21
Wisconsin,4/1/20,2020,-39.71428571,4.333333333,3/18/20,166.6,5893718,2.826738571,3/25/20,5/13/20,democrat,4,1,TRUE,Apr-20
North Carolina,4/20/20,2020,-39.9047619,0.619047619,3/16/20,360.1,10439388,3.449435925,3/30/20,5/22/20,democrat,2,2,TRUE,Apr-20
Louisiana,4/13/20,2020,-40,6.476190476,3/16/20,476.1,4657757,10.22165819,3/23/20,5/15/20,democrat,2,1,TRUE,Apr-20
Maine,4/23/20,2020,-40.0952381,2,3/19/20,21.3,1362359,1.563464549,4/2/20,5/31/20,democrat,5,2,TRUE,Apr-20
Montana,4/11/20,2020,-40.14285714,-1.476190476,3/14/20,8.1,1084225,0.747077406,3/28/20,4/26/20,republican,7,2,TRUE,Apr-20
Virginia,4/27/20,2020,-40.23809524,3.619047619,3/16/20,814.6,8631393,9.437642337,3/30/20,5/29/20,republican,2,2,TRUE,Apr-20
Texas,4/16/20,2020,-40.33333333,3.952380952,3/19/20,605.3,29145505,2.076821108,4/2/20,4/30/20,republican,5,2,TRUE,Apr-20
Oregon,4/20/20,2020,-40.47619048,0.333333333,3/16/20,57.3,4237256,1.352290256,3/23/20,6/19/20,democrat,2,1,TRUE,Apr-20
North Carolina,4/13/20,2020,-40.52380952,4.285714286,3/16/20,282.7,10439388,2.708013152,3/30/20,5/22/20,democrat,2,2,TRUE,Apr-20
Missouri,4/6/20,2020,-40.61904762,-3.857142857,3/16/20,263.7,6154913,4.284382249,4/6/20,5/3/20,republican,2,3,TRUE,Apr-20
New Mexico,4/7/20,2020,-40.66666667,-5.095238095,3/17/20,82.3,2117522,3.886618415,3/24/20,11/30/20,democrat,3,1,TRUE,Apr-20
Tennessee,4/7/20,2020,-40.66666667,-3.619047619,3/17/20,245.4,6910840,3.550943156,3/31/20,4/30/20,republican,3,2,TRUE,Apr-20
Ohio,4/6/20,2020,-40.80952381,-2.428571429,3/16/20,365.9,11799448,3.100992521,3/23/20,5/19/20,republican,2,1,TRUE,Apr-20
Oregon,4/13/20,2020,-40.80952381,3,3/16/20,54.7,4237256,1.29092979,3/23/20,6/19/20,democrat,2,1,TRUE,Apr-20
Hawaii,1/27/21,2021,-40.85714286,1.761904762,3/18/20,100.6,1455271,6.912801808,3/25/20,5/31/20,democrat,4,1,FALSE,Jan-21
California,1/7/21,2021,-41.0952381,3.404761905,3/19/20,43748.3,39538223,110.6481189,3/19/20,8/28/20,democrat,5,0,FALSE,Jan-21
New York,1/22/21,2021,-41.19047619,0.476190476,3/20/20,12733.7,20201249,63.0342213,3/20/20,6/27/20,democrat,6,0,FALSE,Jan-21
Pennsylvania,4/29/20,2020,-41.38095238,5.476190476,3/18/20,1239.9,13002700,9.535711814,4/1/20,6/4/20,democrat,4,2,TRUE,Apr-20
South Carolina,4/7/20,2020,-41.42857143,-6.142857143,3/17/20,165.6,5118425,3.235370255,4/7/20,5/4/20,republican,3,3,TRUE,Apr-20
Alaska,4/11/20,2020,-41.61904762,1.619047619,3/21/20,9.3,733391,1.268082101,3/28/20,4/24/20,republican,7,1,TRUE,Apr-20
California,1/14/21,2021,-41.66666667,-0.571428571,3/19/20,32475.4,39538223,82.13672122,3/19/20,8/28/20,democrat,5,0,FALSE,Jan-21
New York,1/15/21,2021,-41.66666667,-2.380952381,3/20/20,14323.7,20201249,70.90502176,3/20/20,6/27/20,democrat,6,0,FALSE,Jan-21
New Hampshire,4/24/20,2020,-41.76190476,2.047619048,3/20/20,68,1377529,4.936375205,3/27/20,6/15/20,republican,6,1,TRUE,Apr-20
Michigan,4/28/20,2020,-41.9047619,8.047619048,3/17/20,902,10077331,8.950782702,3/24/20,6/1/20,democrat,3,1,TRUE,Apr-20
Maine,4/16/20,2020,-42.0952381,6.047619048,3/19/20,19.6,1362359,1.438680994,4/2/20,5/31/20,democrat,5,2,TRUE,Apr-20
California,1/21/21,2021,-42.33333333,-0.666666667,3/19/20,21418.9,39538223,54.172642,3/19/20,8/28/20,democrat,5,0,FALSE,Jan-21
Florida,4/30/20,2020,-42.52380952,4.714285714,3/19/20,687,21538187,3.189683514,4/2/20,5/4/20,republican,5,2,TRUE,Apr-20
Connecticut,4/27/20,2020,-42.57142857,4.952380952,3/16/20,574,3605944,15.91816179,3/23/20,5/20/20,democrat,2,1,TRUE,Apr-20
Minnesota,4/24/20,2020,-42.57142857,2.238095238,3/20/20,313.4,5706494,5.491988601,3/27/20,5/17/20,democrat,6,1,TRUE,Apr-20
Hawaii,1/20/21,2021,-42.61904762,1,3/18/20,119.3,1455271,8.197785842,3/25/20,5/31/20,democrat,4,1,FALSE,Jan-21
Massachusetts,1/19/21,2021,-42.76190476,0.19047619,3/17/20,4321,7029917,61.46587506,3/24/20,5/18/20,republican,3,1,FALSE,Jan-21
Washington,4/28/20,2020,-42.9047619,3.666666667,3/17/20,253.7,7705281,3.292547021,3/24/20,5/31/20,democrat,3,1,TRUE,Apr-20
Massachusetts,1/12/21,2021,-42.95238095,-1.619047619,3/17/20,5199.9,7029917,73.96815638,3/24/20,5/18/20,republican,3,1,FALSE,Jan-21
Alaska,4/4/20,2020,-43.23809524,0.333333333,3/21/20,12.6,733391,1.718046717,3/28/20,4/24/20,republican,7,1,TRUE,Apr-20
Hawaii,8/5/20,2020,-43.23809524,-1.714285714,3/18/20,166.4,1455271,11.43429643,3/25/20,5/31/20,democrat,4,1,FALSE,Aug-20
Arizona,4/7/20,2020,-43.33333333,-2.476190476,3/17/20,177.9,7151502,2.48758932,3/31/20,5/15/20,republican,3,2,TRUE,Apr-20
Georgia,4/17/20,2020,-43.42857143,2.428571429,3/20/20,887.7,10711908,8.28703906,4/3/20,4/30/20,republican,6,2,TRUE,Apr-20
Hawaii,1/13/21,2021,-43.61904762,-2.952380952,3/18/20,133.4,1455271,9.166677547,3/25/20,5/31/20,democrat,4,1,FALSE,Jan-21
New Hampshire,4/17/20,2020,-43.80952381,3.523809524,3/20/20,75.9,1377529,5.509865854,3/27/20,6/15/20,republican,6,1,TRUE,Apr-20
Oregon,4/6/20,2020,-43.80952381,1,3/16/20,65.6,4237256,1.548171741,3/23/20,6/19/20,democrat,2,1,TRUE,Apr-20
Virginia,4/20/20,2020,-43.85714286,0.952380952,3/16/20,632.6,8631393,7.329060327,3/30/20,5/29/20,republican,2,2,TRUE,Apr-20
Massachusetts,1/26/21,2021,-43.9047619,-1.142857143,3/17/20,3247.9,7029917,46.20111447,3/24/20,5/18/20,republican,3,1,FALSE,Jan-21
Illinois,4/25/20,2020,-43.95238095,1.095238095,3/14/20,2342.4,12812508,18.28213493,3/21/20,5/29/20,democrat,7,1,TRUE,Apr-20
Delaware,4/14/20,2020,-44.04761905,5,3/17/20,141,989948,14.24317237,3/24/20,5/31/20,democrat,3,1,TRUE,Apr-20
Colorado,4/23/20,2020,-44.0952381,4.523809524,3/19/20,435,5773714,7.534145266,3/26/20,4/26/20,democrat,5,1,TRUE,Apr-20
Delaware,4/21/20,2020,-44.19047619,-0.142857143,3/17/20,202.4,989948,20.44551835,3/24/20,5/31/20,democrat,3,1,TRUE,Apr-20
Texas,4/9/20,2020,-44.28571429,0.380952381,3/19/20,617.3,29145505,2.117993838,4/2/20,4/30/20,republican,5,2,TRUE,Apr-20
Vermont,4/28/20,2020,-44.33333333,5.047619048,3/17/20,6.7,643077,1.041865904,3/24/20,5/15/20,republican,3,1,TRUE,Apr-20
Wisconsin,4/8/20,2020,-44.47619048,-4.761904762,3/18/20,139.6,5893718,2.368623677,3/25/20,5/13/20,democrat,4,1,TRUE,Apr-20
Texas,4/2/20,2020,-44.66666667,-3.19047619,3/19/20,571.9,29145505,1.962223677,4/2/20,4/30/20,republican,5,2,TRUE,Apr-20
Hawaii,8/12/20,2020,-44.80952381,-1.571428571,3/18/20,227.6,1455271,15.63969872,3/25/20,5/31/20,democrat,4,1,FALSE,Aug-20
Minnesota,4/17/20,2020,-44.80952381,6.333333333,3/20/20,161.9,5706494,2.837118553,3/27/20,5/17/20,democrat,6,1,TRUE,Apr-20
North Carolina,4/6/20,2020,-44.80952381,-2.523809524,3/16/20,278.3,10439388,2.665865087,3/30/20,5/22/20,democrat,2,2,TRUE,Apr-20
Virginia,4/13/20,2020,-44.80952381,2.523809524,3/16/20,466.9,8631393,5.409323848,3/30/20,5/29/20,republican,2,2,TRUE,Apr-20
Illinois,4/18/20,2020,-45.04761905,4.523809524,3/14/20,1725.7,12812508,13.46886964,3/21/20,5/29/20,democrat,7,1,TRUE,Apr-20
Nevada,4/29/20,2020,-45.14285714,2.904761905,3/18/20,119.9,3104614,3.861993794,4/1/20,5/15/20,democrat,4,2,TRUE,Apr-20
Maryland,4/27/20,2020,-45.23809524,3.333333333,3/16/20,983,6177224,15.91329698,3/30/20,5/15/20,republican,2,2,TRUE,Apr-20
California,4/30/20,2020,-45.71428571,3.857142857,3/19/20,1693.7,39538223,4.283702887,3/19/20,8/28/20,democrat,5,0,TRUE,Apr-20
Georgia,4/10/20,2020,-45.85714286,1.142857143,3/20/20,729,10711908,6.805510279,4/3/20,4/30/20,republican,6,2,TRUE,Apr-20
New York,1/29/21,2021,-46,-4.80952381,3/20/20,9722.4,20201249,48.12771725,3/20/20,6/27/20,democrat,6,0,FALSE,Jan-21
New Jersey,1/30/21,2021,-46.0952381,-8.047619048,3/14/20,3722.1,9288994,40.07000112,3/21/20,6/9/20,democrat,7,1,FALSE,Jan-21
New Hampshire,4/3/20,2020,-46.33333333,-0.857142857,3/20/20,48.6,1377529,3.528056397,3/27/20,6/15/20,republican,6,1,TRUE,Apr-20
Washington,4/14/20,2020,-46.42857143,3.857142857,3/17/20,211.3,7705281,2.742275071,3/24/20,5/31/20,democrat,3,1,TRUE,Apr-20
Louisiana,4/6/20,2020,-46.47619048,-3.619047619,3/16/20,1083.6,4657757,23.26441676,3/23/20,5/15/20,democrat,2,1,TRUE,Apr-20
Washington,4/21/20,2020,-46.57142857,-0.142857143,3/17/20,224.6,7705281,2.914883961,3/24/20,5/31/20,democrat,3,1,TRUE,Apr-20
Pennsylvania,4/22/20,2020,-46.85714286,0.952380952,3/18/20,1446,13002700,11.12076723,4/1/20,6/4/20,democrat,4,2,TRUE,Apr-20
Georgia,4/3/20,2020,-47,-6,3/20/20,745.4,10711908,6.958610922,4/3/20,4/30/20,republican,6,2,TRUE,Apr-20
Hawaii,8/19/20,2020,-47.04761905,-2.238095238,3/18/20,233.6,1455271,16.05199307,3/25/20,5/31/20,democrat,4,1,FALSE,Aug-20
Florida,4/23/20,2020,-47.23809524,1.714285714,3/19/20,697.7,21538187,3.239362719,4/2/20,5/4/20,republican,5,2,TRUE,Apr-20
New Hampshire,4/10/20,2020,-47.33333333,-1,3/20/20,45.7,1377529,3.317534513,3/27/20,6/15/20,republican,6,1,TRUE,Apr-20
Virginia,4/6/20,2020,-47.33333333,-2.238095238,3/16/20,376.3,8631393,4.35966709,3/30/20,5/29/20,republican,2,2,TRUE,Apr-20
Connecticut,4/20/20,2020,-47.52380952,1.571428571,3/16/20,1043.9,3605944,28.94942351,3/23/20,5/20/20,democrat,2,1,TRUE,Apr-20
Pennsylvania,4/15/20,2020,-47.80952381,4.761904762,3/18/20,1352.1,13002700,10.39860952,4/1/20,6/4/20,democrat,4,2,TRUE,Apr-20
Nevada,4/22/20,2020,-48.04761905,1.238095238,3/18/20,126.3,3104614,4.068138583,4/1/20,5/15/20,democrat,4,2,TRUE,Apr-20
Rhode Island,4/25/20,2020,-48.0952381,3.238095238,3/14/20,323.3,1097379,29.46110687,3/28/20,5/8/20,democrat,7,2,TRUE,Apr-20
Maine,4/9/20,2020,-48.14285714,0.428571429,3/19/20,33.3,1362359,2.444289648,4/2/20,5/31/20,democrat,5,2,TRUE,Apr-20
Maine,4/2/20,2020,-48.57142857,-5.285714286,3/19/20,33.4,1362359,2.451629857,4/2/20,5/31/20,democrat,5,2,TRUE,Apr-20
Maryland,4/20/20,2020,-48.57142857,0.476190476,3/16/20,819.1,6177224,13.26000158,3/30/20,5/15/20,republican,2,2,TRUE,Apr-20
Colorado,4/16/20,2020,-48.61904762,4,3/19/20,445.7,5773714,7.71946792,3/26/20,4/26/20,democrat,5,1,TRUE,Apr-20
Florida,4/16/20,2020,-48.95238095,3.523809524,3/19/20,828.3,21538187,3.845727591,4/2/20,5/4/20,republican,5,2,TRUE,Apr-20
Illinois,4/4/20,2020,-48.95238095,-0.666666667,3/14/20,1283.3,12812508,10.01599375,3/21/20,5/29/20,democrat,7,1,TRUE,Apr-20
Pennsylvania,4/1/20,2020,-49,0.714285714,3/18/20,1381.7,13002700,10.62625455,4/1/20,6/4/20,democrat,4,2,TRUE,Apr-20
Delaware,4/7/20,2020,-49.04761905,-4.476190476,3/17/20,139.3,989948,14.07144618,3/24/20,5/31/20,democrat,3,1,TRUE,Apr-20
Maryland,4/13/20,2020,-49.04761905,1.80952381,3/16/20,660.3,6177224,10.68926754,3/30/20,5/15/20,republican,2,2,TRUE,Apr-20
Connecticut,4/13/20,2020,-49.0952381,2.285714286,3/16/20,846.7,3605944,23.48067524,3/23/20,5/20/20,democrat,2,1,TRUE,Apr-20
Nevada,4/15/20,2020,-49.28571429,3.238095238,3/18/20,114.7,3104614,3.694501152,4/1/20,5/15/20,democrat,4,2,TRUE,Apr-20
Vermont,4/21/20,2020,-49.38095238,1.714285714,3/17/20,5.6,643077,0.870813293,3/24/20,5/15/20,republican,3,1,TRUE,Apr-20
Hawaii,8/26/20,2020,-49.52380952,-2.476190476,3/18/20,238.4,1455271,16.38182854,3/25/20,5/31/20,democrat,4,1,FALSE,Aug-20
California,4/23/20,2020,-49.57142857,1.857142857,3/19/20,1639.4,39538223,4.146367428,3/19/20,8/28/20,democrat,5,0,TRUE,Apr-20
Illinois,4/11/20,2020,-49.57142857,-0.619047619,3/14/20,1384.4,12812508,10.80506642,3/21/20,5/29/20,democrat,7,1,TRUE,Apr-20
Minnesota,4/3/20,2020,-49.9047619,0.285714286,3/20/20,71.1,5706494,1.245948914,3/27/20,5/17/20,democrat,6,1,TRUE,Apr-20
Michigan,4/21/20,2020,-49.95238095,2.619047619,3/17/20,958.6,10077331,9.512439355,3/24/20,6/1/20,democrat,3,1,TRUE,Apr-20
Washington,4/7/20,2020,-50.28571429,0.952380952,3/17/20,332,7705281,4.308733192,3/24/20,5/31/20,democrat,3,1,TRUE,Apr-20
Colorado,4/2/20,2020,-50.80952381,0.428571429,3/19/20,375,5773714,6.494952815,3/26/20,4/26/20,democrat,5,1,TRUE,Apr-20
Maryland,4/6/20,2020,-50.85714286,-1.952380952,3/16/20,658.3,6177224,10.65689054,3/30/20,5/15/20,republican,2,2,TRUE,Apr-20
California,4/2/20,2020,-50.95238095,-2.952380952,3/19/20,1330.1,39538223,3.364086444,3/19/20,8/28/20,democrat,5,0,TRUE,Apr-20
Vermont,4/14/20,2020,-51.0952381,5.380952381,3/17/20,9.7,643077,1.508373025,3/24/20,5/15/20,republican,3,1,TRUE,Apr-20
Minnesota,4/10/20,2020,-51.14285714,-1.238095238,3/20/20,81.3,5706494,1.42469264,3/27/20,5/17/20,democrat,6,1,TRUE,Apr-20
Nevada,4/1/20,2020,-51.19047619,-1.523809524,3/18/20,144.3,3104614,4.647920804,4/1/20,5/15/20,democrat,4,2,TRUE,Apr-20
Rhode Island,4/18/20,2020,-51.33333333,1.142857143,3/14/20,360.3,1097379,32.83277701,3/28/20,5/8/20,democrat,7,2,TRUE,Apr-20
Connecticut,4/6/20,2020,-51.38095238,-2.714285714,3/16/20,908.6,3605944,25.19728537,3/23/20,5/20/20,democrat,2,1,TRUE,Apr-20
California,4/16/20,2020,-51.42857143,0.047619048,3/19/20,1627.4,39538223,4.11601705,3/19/20,8/28/20,democrat,5,0,TRUE,Apr-20
Florida,4/2/20,2020,-51.42857143,-4.428571429,3/19/20,1214.3,21538187,5.637893292,4/2/20,5/4/20,republican,5,2,TRUE,Apr-20
California,4/9/20,2020,-51.47619048,-0.523809524,3/19/20,1111.4,39538223,2.810950811,3/19/20,8/28/20,democrat,5,0,TRUE,Apr-20
Rhode Island,4/4/20,2020,-51.71428571,-1.095238095,3/14/20,145.1,1097379,13.2224145,3/28/20,5/8/20,democrat,7,2,TRUE,Apr-20
Massachusetts,4/28/20,2020,-52.04761905,5.095238095,3/17/20,1727,7029917,24.56643514,3/24/20,5/18/20,republican,3,1,TRUE,Apr-20
Florida,4/9/20,2020,-52.47619048,-1.047619048,3/19/20,1007.9,21538187,4.679595362,4/2/20,5/4/20,republican,5,2,TRUE,Apr-20
Rhode Island,4/11/20,2020,-52.47619048,-0.761904762,3/14/20,350,1097379,31.89417694,3/28/20,5/8/20,democrat,7,2,TRUE,Apr-20
Nevada,4/8/20,2020,-52.52380952,-1.333333333,3/18/20,144.3,3104614,4.647920804,4/1/20,5/15/20,democrat,4,2,TRUE,Apr-20
Michigan,4/14/20,2020,-52.57142857,4.476190476,3/17/20,957.4,10077331,9.50053144,3/24/20,6/1/20,democrat,3,1,TRUE,Apr-20
Pennsylvania,4/8/20,2020,-52.57142857,-3.571428571,3/18/20,1568.1,13002700,12.05980296,4/1/20,6/4/20,democrat,4,2,TRUE,Apr-20
Colorado,4/9/20,2020,-52.61904762,-1.80952381,3/19/20,424.6,5773714,7.354018575,3/26/20,4/26/20,democrat,5,1,TRUE,Apr-20
Hawaii,4/29/20,2020,-52.61904762,2.80952381,3/18/20,2.3,1455271,0.158046165,3/25/20,5/31/20,democrat,4,1,TRUE,Apr-20
Hawaii,4/22/20,2020,-55.42857143,0.952380952,3/18/20,3.3,1455271,0.226761888,3/25/20,5/31/20,democrat,4,1,TRUE,Apr-20
Hawaii,4/1/20,2020,-56.23809524,-1.523809524,3/18/20,29.4,1455271,2.020242278,3/25/20,5/31/20,democrat,4,1,TRUE,Apr-20
Hawaii,4/15/20,2020,-56.38095238,2.714285714,3/18/20,10.7,1455271,0.735258244,3/25/20,5/31/20,democrat,4,1,TRUE,Apr-20
Vermont,4/7/20,2020,-56.47619048,-3.428571429,3/17/20,29.3,643077,4.556219551,3/24/20,5/15/20,republican,3,1,TRUE,Apr-20
Michigan,4/7/20,2020,-57.04761905,-3.619047619,3/17/20,1257.4,10077331,12.47751017,3/24/20,6/1/20,democrat,3,1,TRUE,Apr-20
Massachusetts,4/14/20,2020,-57.0952381,3.476190476,3/17/20,2306.9,7029917,32.81546567,3/24/20,5/18/20,republican,3,1,TRUE,Apr-20
Massachusetts,4/21/20,2020,-57.14285714,-0.047619048,3/17/20,2010.6,7029917,28.60062217,3/24/20,5/18/20,republican,3,1,TRUE,Apr-20
New Jersey,4/25/20,2020,-58.0952381,2.714285714,3/14/20,2715.3,9288994,29.23136779,3/21/20,6/9/20,democrat,7,1,TRUE,Apr-20
Hawaii,4/8/20,2020,-59.0952381,-2.857142857,3/18/20,14.4,1455271,0.989506422,3/25/20,5/31/20,democrat,4,1,TRUE,Apr-20
New York,4/24/20,2020,-59.71428571,1.761904762,3/20/20,5217.3,20201249,25.82662092,3/20/20,6/27/20,democrat,6,0,TRUE,Apr-20
Massachusetts,4/7/20,2020,-60.57142857,-2.904761905,3/17/20,1741.6,7029917,24.77411895,3/24/20,5/18/20,republican,3,1,TRUE,Apr-20
New Jersey,4/18/20,2020,-60.80952381,2.428571429,3/14/20,3389.9,9288994,36.4937258,3/21/20,6/9/20,democrat,7,1,TRUE,Apr-20
New York,4/17/20,2020,-61.47619048,2.904761905,3/20/20,5897.4,20201249,29.19324444,3/20/20,6/27/20,democrat,6,0,TRUE,Apr-20
New Jersey,4/4/20,2020,-62.04761905,-3.380952381,3/14/20,3527.6,9288994,37.97612529,3/21/20,6/9/20,democrat,7,1,TRUE,Apr-20
New York,4/3/20,2020,-62.23809524,-2.333333333,3/20/20,10210.9,20201249,50.54588456,3/20/20,6/27/20,democrat,6,0,TRUE,Apr-20
New Jersey,4/11/20,2020,-63.23809524,-1.19047619,3/14/20,3411.3,9288994,36.72410597,3/21/20,6/9/20,democrat,7,1,TRUE,Apr-20
New York,4/10/20,2020,-64.38095238,-2.142857143,3/20/20,8321.4,20201249,41.1925025,3/20/20,6/27/20,democrat,6,0,TRUE,Apr-20